Ítem;Año
1;2013
2;2018
3;2009
4;1999
5;1996
6;1998
7;2010
8;1995
9;2015
10;2011
11;2016
12;2016
13;2018
14;1970
15;1946
16;2015
17;1962
18;2019
19;2018
20;2004
21;N.V.
22;2013
23;2016
24;1931
25;2010
26;1979
27;1946
28;2004
29;2005
30;2020
31;2014
32;1985
33;1929
34;1999
35;2007
36;2012
37;2017
38;2009
39;2008
40;2016
41;2011
42;2017
43;2015
44;2017
45;1985
46;2018
47;
48;2010
49;2014
50;2006
51;2005
52;2004
53;2000
54;2007
55;2015
56;2006
57;2008
58;2003
59;2016
60;2005
61;2002
62;1991
63;1994
64;2000
65;1990
66;2014
67;1989
68;1987
69;2017
70;2015
71;2014
72;2013
73;1996
74;1986
75;2016
76;2008
77;2015
78;1981
79;2007
80;2016
81;2001
82;1986
83;2016
84;2004
85;2006
86;2017
87;2016
88;2015
89;1985
90;2017
91;2012
92;2006
93;1968
94;2018
95;1964
96;1982
97;2015
98;1995
99;1999
100;1974
101;1998
102;2015
103;2012
104;2009
105;2017
106;2000
107;2005
108;2011
109;2010
110;2011
111;1983
112;1955
113;1980
114;2005
115;1972
116;2004
117;2010
118;2015
119;1987
120;2015
121;2016
122;1953
123;2000
124;2015
125;2019
126;2013
127;2006
128;2005
129;2006
130;2007
131;1986
132;2007
133;2016
134;N.V.
135;1982
136;1987
137;2007
138;1955
139;2019
140;2016
141;1958
142;2018
143;N.V.
144;N.V.
145;2018
146;2012
147;1995
148;2019
149;2011
150;2019
151;2004
152;2010
153;2001
154;1998
155;2018
156;2016
157;1987
158;1942
159;2011
160;2012
161;2008
162;2007
163;2013
164;2009
165;2016
166;2017
167;2018
168;2010
169;2017
170;2004
171;2018
172;2019
173;2000
174;2002
175;2012
176;2011
177;2015
178;2011
179;1999
180;2015
181;2010
182;2010
183;2012
184;2015
185;2015
186;2013
187;2015
188;2016
189;2005
190;2017
191;2006
192;1998
193;2007
194;2012
195;2011
196;2017
197;1965
198;2015
199;2018
200;2003
201;2004
202;2016
203;2014
204;2014
205;1992
206;2014
207;2010
208;2012
209;2011
210;1999
211;2015
212;2012
213;1973
214;2014
215;2014
216;1996
217;2014
218;1985
219;2001
220;1989
221;2015
222;2005
223;2011
224;2018
225;2005
226;2013
227;1989
228;2017
229;2018
230;1997
231;2001
232;2014
233;1967
234;2016
235;2000
236;1995
237;2015
238;2013
239;1975
240;2019
241;2016
242;2009
243;2010
244;2009
245;2018
246;2018
247;2004
248;2015
249;1996
250;2015
251;2018
252;2012
253;2019
254;2005
255;2006
256;2011
257;2013
258;2017
259;2008
260;2015
261;2011
262;2011
263;1980
264;2016
265;2015
266;2004
267;2014
268;N.V.
269;2011
270;2007
271;1910
272;2008
273;2008
274;1983
275;1965
276;2001
277;2017
278;2016
279;2008
280;2001
281;2010
282;2001
283;2016
284;2001
285;2016
286;2014
287;2016
288;2014
289;2017
290;2007
291;2017
292;1961
293;2016
294;2016
295;2014
296;2018
297;2016
298;2018
299;N.V.
300;1979
301;2015
302;2014
303;2016
304;2018
305;2016
306;2009
307;1954
308;2016
309;2017
310;2020
311;2003
312;2017
313;2020
314;2015
315;1982
316;2002
317;2011
318;2019
319;2017
320;2017
321;1986
322;2012
323;1962
324;2016
325;2015
326;2016
327;2016
328;2017
329;2013
330;2011
331;2013
332;2017
333;2014
334;2013
335;2017
336;2010
337;2017
338;2016
339;2010
340;2013
341;2016
342;2004
343;2017
344;2011
345;2016
346;2012
347;N.V.
348;2004
349;1968
350;2016
351;2013
352;2014
353;2014
354;2018
355;2015
356;2015
357;2017
358;2016
359;2005
360;2005
361;2009
362;2016
363;2016
364;2015
365;2015
366;2014
367;2010
368;2015
369;2016
370;2017
371;2011
372;2019
373;2014
374;2018
375;2018
376;2017
377;2015
378;2003
379;2015
380;2003
381;2018
382;2014
383;2014
384;2017
385;2012
386;2014
387;2011
388;2004
389;2019
390;2015
391;N.V.
392;2016
393;2016
394;2010
395;2011
396;2017
397;2014
398;2015
399;2016
400;1995
401;2019
402;2015
403;2007
404;2017
405;2017
406;2016
407;2011
408;2012
409;2005
410;1996
411;2017
412;2010
413;2018
414;2015
415;2012
416;2018
417;2015
418;2016
419;2018
420;2017
421;2017
422;2013
423;2011
424;2016
425;1995
426;2015
427;2011
428;2017
429;2014
430;2012
431;2014
432;2006
433;2009
434;1995
435;2016
436;1987
437;2018
438;2017
439;2013
440;2015
441;2011
442;2006
443;2015
444;2017
445;2019
446;2015
447;2003
448;2009
449;2017
450;2015
451;2014
452;2015
453;2014
454;2019
455;2015
456;N.V.
457;2016
458;2020
459;2017
460;2017
461;2016
462;N.V.
463;2018
464;2014
465;2016
466;2016
467;2005
468;2015
469;2015
470;2013
471;2016
472;2006
473;2009
474;2018
475;2014
476;2015
477;2013
478;2017
479;2015
480;2009
481;2013
482;2016
483;2018
484;1988
485;2011
486;2010
487;2018
488;2014
489;2020
490;2010
491;2015
492;2011
493;2015
494;1996
495;2015
496;2016
497;2017
498;2017
499;2016
500;2001
501;2019
502;2004
503;2004
504;2015
505;2016
506;2018
507;2015
508;2011
509;1973
510;2018
511;2012
512;2012
513;2016
514;2014
515;2007
516;2009
517;2016
518;N.V.
519;N.V.
520;2018
521;2000
522;2018
523;2016
524;2010
525;1981
526;2014
527;2019
528;2017
529;2009
530;2017
531;2010
532;2015
533;2015
534;2010
535;2015
536;2015
537;2016
538;2017
539;2012
540;2017
541;2011
542;2012
543;2015
544;2014
545;1998
546;2012
547;2011
548;N.V.
549;2002
550;2012
551;2012
552;1969
553;2005
554;2017
555;2015
556;2016
557;1987
558;2004
559;2007
560;1994
561;1964
562;1951
563;2014
564;2006
565;2019
566;2013
567;2013
568;2016
569;2013
570;2019
571;2006
572;2010
573;2009
574;2003
575;2016
576;2013
577;2013
578;2011
579;2010
580;1998
581;2014
582;1928
583;2000
584;2005
585;2004
586;2016
587;2019
588;2015
589;N.V.
590;2011
591;2010
592;2017
593;2015
594;1976
595;2018
596;2015
597;N.V.
598;2011
599;1949
600;2019
601;2001
602;2013
603;2018
604;2015
605;2006
606;2016
607;2011
608;2018
609;1975
610;2004
611;2018
612;2017
613;1991
614;2019
615;2018
616;2016
617;2016
618;1986
619;2017
620;2017
621;2016
622;2002
623;2014
624;2019
625;2021
626;2018
627;2019
628;2007
629;2015
630;2017
631;2013
632;2009
633;2011
634;2012
635;2013
636;2009
637;2016
638;2011
639;2007
640;2018
641;2016
642;2017
643;2016
644;2010
645;2011
646;2018
647;2017
648;2014
649;2012
650;2013
651;2015
652;2009
653;2010
654;2017
655;2007
656;2016
657;2011
658;2017
659;2004
660;2012
661;2018
662;2018
663;2019
664;2017
665;2010
666;2006
667;2006
668;2015
669;2018
670;2016
671;2017
672;2015
673;2008
674;2017
675;2010
676;2016
677;2009
678;2005
679;2018
680;2004
681;2014
682;2011
683;2016
684;2019
685;2014
686;2011
687;2008
688;2016
689;2017
690;2019
691;2015
692;2019
693;N.V.
694;2014
695;2011
696;2018
697;2016
698;2014
699;N.V.
700;2016
701;2011
702;2010
703;2011
704;2019
705;2005
706;2016
707;2015
708;2014
709;2012
710;2015
711;2001
712;2005
713;2015
714;2016
715;2007
716;2016
717;2015
718;2016
719;2017
720;2017
721;2015
722;2017
723;2013
724;2016
725;2010
726;N.V.
727;2008
728;2019
729;2009
730;2017
731;1995
732;2016
733;2014
734;2017
735;2016
736;2015
737;2017
738;2015
739;2016
740;2006
741;2006
742;2018
743;2014
744;2004
745;2018
746;2016
747;2015
748;2018
749;2016
750;2015
751;2019
752;2017
753;2014
754;2001
755;2011
756;2019
757;2019
758;2019
759;2015
760;2017
761;2010
762;2011
763;2016
764;1994
765;2010
766;2011
767;2005
768;2015
769;2008
770;2014
771;2015
772;2018
773;2016
774;2007
775;2004
776;1996
777;2010
778;2016
779;2011
780;2010
781;2017
782;2017
783;2010
784;1996
785;N.V.
786;2018
787;2018
788;2016
789;2012
790;2008
791;2019
792;1994
793;2017
794;2014
795;2014
796;2014
797;2011
798;2017
799;2006
800;2017
801;2015
802;2019
803;2008
804;2012
805;2013
806;2007
807;2013
808;2017
809;2007
810;2014
811;2017
812;2013
813;2007
814;2016
815;2001
816;2020
817;2014
818;2014
819;2009
820;2014
821;2013
822;2016
823;2014
824;2015
825;2015
826;N.V.
827;1994
828;2015
829;2012
830;2018
831;2018
832;2018
833;2007
834;2016
835;2012
836;2012
837;2017
838;2012
839;2019
840;2019
841;2016
842;2014
843;2014
844;2018
845;2014
846;2016
847;2018
848;2001
849;2019
850;2014
851;N.V.
852;
853;2018
854;2012
855;2017
856;2018
857;2017
858;2010
859;2016
860;2015
861;2016
862;2017
863;2010
864;2017
865;2018
866;2014
867;2010
868;N.V.
869;2015
870;2018
871;2011
872;2014
873;2014
874;2007
875;2013
876;2016
877;2019
878;2016
879;1996
880;2017
881;2016
882;1982
883;2019
884;2016
885;2009
886;2012
887;2012
888;2020
889;2015
890;2015
891;2018
892;2018
893;2020
894;1999
895;2016
896;2015
897;2017
898;2019
899;2014
900;2010
901;2017
902;1986
903;2003
904;2018
905;2004
906;2011
907;2010
908;N.V.
909;2017
910;2004
911;2016
912;2011
913;2014
914;2004
915;2017
916;1999
917;2016
918;2001
919;2018
920;2019
921;1959
922;2008
923;2018
924;2017
925;2018
926;2018
927;2016
928;2019
929;2016
930;2017
931;2015
932;2015
933;N.V.
934;2011
935;2011
936;1990
937;2017
938;2011
939;2018
940;1989
941;1991
942;2019
943;2017
944;2005
945;2018
946;2015
947;2012
948;2016
949;N.V.
950;2017
951;2007
952;2018
953;2019
954;2015
955;2016
956;2018
957;2016
958;2011
959;2017
960;2008
961;2018
962;2017
963;2016
964;2018
965;N.V.
966;2016
967;1999
968;2018
969;2013
970;2015
971;2010
972;2012
973;2017
974;2017
975;2014
976;2016
977;2016
978;2011
979;2003
980;2013
981;2015
982;2018
983;2016
984;2017
985;2014
986;2010
987;1982
988;2015
989;2019
990;2019
991;2015
992;2015
993;2011
994;2017
995;2015
996;2015
997;2017
998;2016
999;2014
1000;2014
1001;2016
1002;2016
1003;2015
1004;2017
1005;1922
1006;2014
1007;2018
1008;2015
1009;2010
1010;2015
1011;2015
1012;N.V.
1013;2016
1014;2017
1015;2016
1016;1995
1017;2017
1018;1968
1019;1978
1020;2020
1021;2016
1022;2014
1023;2014
1024;2018
1025;2019
1026;2018
1027;2003
1028;1994
1029;2017
1030;2019
1031;2019
1032;2019
1033;2017
1034;2017
1035;2017
1036;1982
1037;N.V.
1038;2015
1039;2012
1040;2016
1041;2018
1042;2016
1043;2018
1044;2015
1045;2005
1046;2010
1047;2017
1048;N.V.
1049;1998
1050;1973
1051;2012
1052;2012
1053;2008
1054;1994
1055;2018
1056;1996
1057;N.V.
1058;2017
1059;2015
1060;2019
1061;2016
1062;N.V.
1063;2017
1064;2014
1065;2009
1066;2009
1067;2020
1068;2017
1069;2020
1070;2017
1071;1994
1072;2013
1073;2019
1074;2018
1075;2009
1076;2017
1077;2017
1078;2015
1079;2013
1080;2018
1081;2017
1082;2015
1083;2014
1084;2014
1085;2018
1086;2019
1087;2012
1088;2009
1089;2018
1090;2007
1091;2015
1092;N.V.
1093;1968
1094;2012
1095;2014
1096;2015
1097;2017
1098;2015
1099;2017
1100;2016
1101;2000
1102;2018
1103;2017
1104;2005
1105;2019
1106;2020
1107;2011
1108;2015
1109;2016
1110;2016
1111;1970
1112;2015
1113;2016
1114;2015
1115;2009
1116;2012
1117;2019
1118;2016
1119;2008
1120;2010
1121;2015
1122;2004
1123;2018
1124;2017
1125;2015
1126;2012
1127;2016
1128;2014
1129;2014
1130;2015
1131;2006
1132;2017
1133;2018
1134;2014
1135;2017
1136;2009
1137;2013
1138;2012
1139;2015
1140;2018
1141;2007
1142;2012
1143;2009
1144;2014
1145;2015
1146;2014
1147;2015
1148;2009
1149;2016
1150;2014
1151;2016
1152;2016
1153;2015
1154;2012
1155;2015
1156;2016
1157;2015
1158;2015
1159;2016
1160;2012
1161;2014
1162;1998
1163;2014
1164;2006
1165;2012
1166;2018
1167;N.V.
1168;2014
1169;2014
1170;2008
1171;2016
1172;N.V.
1173;2010
1174;2016
1175;2015
1176;2016
1177;2014
1178;2016
1179;2011
1180;2012
1181;2014
1182;2014
1183;N.V.
1184;2014
1185;2019
1186;2013
1187;2016
1188;2015
1189;2012
1190;2013
1191;2011
1192;2011
1193;2018
1194;2013
1195;2014
1196;2016
1197;2014
1198;2012
1199;2014
1200;2017
1201;2010
1202;2004
1203;2009
1204;2006
1205;2012
1206;2017
1207;2014
1208;2007
1209;2009
1210;2016
1211;2018
1212;2017
1213;2014
1214;2009
1215;2016
1216;2006
1217;2019
1218;2016
1219;2016
1220;2014
1221;2017
1222;2014
1223;2011
1224;2013
1225;2018
1226;2017
1227;2008
1228;N.V.
1229;2011
1230;2019
1231;2015
1232;2016
1233;2012
1234;2017
1235;2014
1236;2012
1237;2019
1238;2014
1239;2016
1240;2017
1241;2006
1242;2017
1243;2011
1244;2016
1245;2015
1246;2011
1247;2018
1248;N.V.
1249;2016
1250;2015
1251;2014
1252;2005
1253;2017
1254;2005
1255;2016
1256;2000
1257;1964
1258;2015
1259;2004
1260;1970
1261;2017
1262;1998
1263;2013
1264;2008
1265;2010
1266;N.V.
1267;2003
1268;2016
1269;2006
1270;2016
1271;1998
1272;2016
1273;2016
1274;2013
1275;2014
1276;1989
1277;2017
1278;2018
1279;2018
1280;2009
1281;2019
1282;2005
1283;2015
1284;2017
1285;2019
1286;2011
1287;2010
1288;2017
1289;2012
1290;2014
1291;2011
1292;2017
1293;2016
1294;2018
1295;2018
1296;2010
1297;2016
1298;2017
1299;2017
1300;2001
1301;2010
1302;2018
1303;2017
1304;2018
1305;2015
1306;1982
1307;2018
1308;2015
1309;1994
1310;2018
1311;2018
1312;2015
1313;2018
1314;2016
1315;2017
1316;2020
1317;2006
1318;2014
1319;2014
1320;2019
1321;2007
1322;2017
1323;2016
1324;2010
1325;2019
1326;2011
1327;2015
1328;2019
1329;2009
1330;2004
1331;2018
1332;2020
1333;2013
1334;2019
1335;2017
1336;2010
1337;2017
1338;2018
1339;2017
1340;2015
1341;2014
1342;2012
1343;1995
1344;2017
1345;2018
1346;2016
1347;2018
1348;2014
1349;2011
1350;2017
1351;2017
1352;2018
1353;2015
1354;2016
1355;2010
1356;1994
1357;2018
1358;2018
1359;2017
1360;2012
1361;2015
1362;2012
1363;2007
1364;2009
1365;2016
1366;2001
1367;2000
1368;2015
1369;2016
1370;2012
1371;2016
1372;2014
1373;2011
1374;2014
1375;2018
1376;2011
1377;2013
1378;2017
1379;2006
1380;2012
1381;2010
1382;2014
1383;2014
1384;2013
1385;2001
1386;2018
1387;2010
1388;2017
1389;2014
1390;2016
1391;2015
1392;2012
1393;2013
1394;2017
1395;2016
1396;2009
1397;2017
1398;2016
1399;2017
1400;2019
1401;2012
1402;2010
1403;2015
1404;2014
1405;2016
1406;2016
1407;2019
1408;2016
1409;N.V.
1410;2011
1411;2013
1412;2010
1413;2019
1414;2009
1415;2015
1416;2018
1417;2006
1418;1989
1419;2016
1420;2007
1421;2014
1422;2004
1423;2013
1424;2019
1425;2018
1426;N.V.
1427;2016
1428;2015
1429;2018
1430;2018
1431;2002
1432;1995
1433;2015
1434;2014
1435;2014
1436;2011
1437;2007
1438;2011
1439;2014
1440;2010
1441;2000
1442;2016
1443;2019
1444;2017
1445;2018
1446;2015
1447;2018
1448;2003
1449;N.V.
1450;2019
1451;2012
1452;2017
1453;2018
1454;2017
1455;2013
1456;2014
1457;2018
1458;N.V.
1459;2015
1460;2016
1461;2015
1462;2015
1463;2005
1464;2018
1465;2016
1466;2011
1467;2015
1468;2015
1469;2015
1470;2015
1471;N.V.
1472;N.V.
1473;2015
1474;2010
1475;2018
1476;2010
1477;2013
1478;N.V.
1479;2019
1480;2017
1481;2002
1482;2011
1483;2000
1484;2017
1485;1999
1486;2015
1487;2017
1488;N.V.
1489;2008
1490;N.V.
1491;2014
1492;2015
1493;2004
1494;2016
1495;2018
1496;2009
1497;2011
1498;1988
1499;2011
1500;1997
1501;1964
1502;2016
1503;2016
1504;2015
1505;2014
1506;2003
1507;2018
1508;2019
1509;2016
1510;2010
1511;2004
1512;2000
1513;2017
1514;2017
1515;2018
1516;2019
1517;2005
1518;2013
1519;1982
1520;N.V.
1521;2018
1522;2017
1523;2018
1524;2017
1525;1989
1526;2017
1527;2017
1528;2019
1529;2006
1530;2018
1531;2015
1532;2015
1533;2016
1534;2019
1535;2011
1536;2021
1537;2010
1538;2013
1539;2017
1540;2008
1541;2014
1542;1995
1543;2014
1544;2016
1545;2019
1546;2014
1547;2015
1548;2017
1549;2019
1550;2016
1551;2018
1552;2015
1553;2013
1554;N.V.
1555;2007
1556;2015
1557;2017
1558;2018
1559;2018
1560;1994
1561;1964
1562;2010
1563;1985
1564;2013
1565;2020
1566;2017
1567;2020
1568;2004
1569;2017
1570;2016
1571;2015
1572;2017
1573;2006
1574;1985
1575;N.V.
1576;2000
1577;2018
1578;2018
1579;2009
1580;2008
1581;2002
1582;2019
1583;2007
1584;2018
1585;2016
1586;N.V.
1587;2006
1588;N.V.
1589;2017
1590;1981
1591;N.V.
1592;2016
1593;2015
1594;2014
1595;2016
1596;2019
1597;2018
1598;2016
1599;2019
1600;2017
1601;2014
1602;2018
1603;2014
1604;2016
1605;2017
1606;2018
1607;2019
1608;2016
1609;2001
1610;2016
1611;1997
1612;2016
1613;2019
1614;2014
1615;N.V.
1616;2018
1617;2002
1618;2010
1619;2018
1620;2017
1621;2019
1622;2012
1623;2018
1624;2018
1625;2011
1626;2018
1627;2017
1628;2018
1629;2019
1630;2008
1631;2017
1632;2007
1633;2018
1634;2019
1635;2001
1636;2012
1637;2015
1638;2013
1639;2018
1640;2020
1641;1970
1642;1999
1643;2019
1644;2014
1645;2017
1646;2009
1647;2017
1648;2018
1649;2012
1650;2016
1651;2001
1652;2014
1653;1998
1654;2019
1655;2002
1656;2014
1657;2014
1658;2019
1659;N.V.
1660;2016
1661;2016
1662;2019
1663;1925
1664;2010
1665;2015
1666;2019
1667;2019
1668;2017
1669;1981
1670;2012
1671;2012
1672;2012
1673;2015
1674;2010
1675;2014
1676;2016
1677;2015
1678;2019
1679;2013
1680;2020
1681;2018
1682;2016
1683;1995
1684;2019
1685;2017
1686;2014
1687;2017
1688;2016
1689;2016
1690;2017
1691;1998
1692;2018
1693;2016
1694;2017
1695;2017
1696;2020
1697;2017
1698;2018
1699;2005
1700;2016
1701;2018
1702;2016
1703;N.V.
1704;2016
1705;N.V.
1706;2018
1707;2018
1708;2019
1709;2010
1710;2005
1711;2016
1712;2012
1713;2018
1714;2019
1715;2018
1716;2009
1717;2016
1718;2015
1719;2015
1720;2012
1721;2016
1722;2017
1723;2010
1724;2014
1725;2005
1726;2019
1727;2012
1728;2013
1729;2016
1730;2000
1731;2016
1732;2014
1733;2018
1734;2014
1735;2017
1736;2016
1737;2018
1738;1985
1739;2021
1740;2017
1741;2005
1742;2020
1743;1994
1744;2013
1745;2014
1746;2015
1747;2017
1748;2018
1749;2011
1750;2017
1751;2015
1752;2020
1753;2017
1754;2018
1755;2017
1756;2014
1757;2017
1758;2020
1759;2017
1760;2018
1761;2018
1762;2015
1763;2017
1764;2018
1765;2021
1766;2017
1767;2020
1768;2017
1769;2017
1770;2018
1771;2020
1772;2015
1773;2002
1774;1970
1775;2016
1776;2018
1777;1959
1778;1996
1779;1964
1780;2011
1781;N.V.
1782;N.V.
1783;2011
1784;2018
1785;2016
1786;2018
1787;1968
1788;2016
1789;2017
1790;2016
1791;2018
1792;2016
1793;N.V.
1794;N.V.
1795;2018
1796;2016
1797;2017
1798;2011
1799;2002
1800;2020
1801;2020
1802;2016
1803;2016
1804;2017
1805;2018
1806;2019
1807;2016
1808;2018
1809;2020
1810;2012
1811;2019
1812;2018
1813;2016
1814;2015
1815;2020
1816;2019
1817;2018
1818;2015
1819;2000
1820;2020
1821;2017
1822;2020
1823;N.V.
1824;2016
1825;2007
1826;2016
1827;2018
1828;2017
1829;2012
1830;2008
1831;2012
1832;2016
1833;2015
1834;2014
1835;2019
1836;2016
1837;2016
1838;2016
1839;2015
1840;2016
1841;2020
1842;2017
1843;2012
1844;2017
1845;2016
1846;2017
1847;2007
1848;2008
1849;2011
1850;2007
1851;2010
1852;2019
1853;2016
1854;2015
1855;2012
1856;2014
1857;2015
1858;2018
1859;2017
1860;1994
1861;2017
1862;2017
1863;2018
1864;2013
1865;2012
1866;2013
1867;2015
1868;2010
1869;2006
1870;2014
1871;2014
1872;2009
1873;2016
1874;2019
1875;2018
1876;2015
1877;2014
1878;2011
1879;2015
1880;2015
1881;2014
1882;2017
1883;2019
1884;2016
1885;N.V.
1886;2015
1887;2015
1888;2017
1889;2014
1890;2014
1891;2018
1892;N.V.
1893;2019
1894;2005
1895;2015
1896;2014
1897;N.V.
1898;2017
1899;2017
1900;2013
1901;2016
1902;2017
1903;2016
1904;2011
1905;2017
1906;2013
1907;2010
1908;2019
1909;2000
1910;2013
1911;2019
1912;2015
1913;2014
1914;2012
1915;2020
1916;2014
1917;2017
1918;2015
1919;2017
1920;2019
1921;2015
1922;2016
1923;2017
1924;2012
1925;2015
1926;2017
1927;2017
1928;2016
1929;2018
1930;2008
1931;2009
1932;2018
1933;2007
1934;2014
1935;2020
1936;2014
1937;2017
1938;2017
1939;2014
1940;2015
1941;2012
1942;2017
1943;N.V.
1944;2015
1945;2014
1946;2010
1947;2015
1948;2020
1949;2012
1950;2012
1951;2014
1952;2008
1953;2017
1954;2016
1955;2014
1956;2019
1957;2015
1958;2017
1959;2011
1960;2014
1961;2017
1962;2017
1963;2012
1964;2018
1965;2017
1966;2017
1967;2018
1968;2018
1969;2017
1970;2017
1971;2014
1972;N.V.
1973;2017
1974;2015
1975;2016
1976;2017
1977;2005
1978;2011
1979;2018
1980;N.V.
1981;2012
1982;2018
1983;2018
1984;2018
1985;2009
1986;2015
1987;2021
1988;2008
1989;2004
1990;2009
1991;2016
1992;2021
1993;2019
1994;2017
1995;2017
1996;1964
1997;2018
1998;2016
1999;2011
2000;2017
2001;2015
2002;2017
2003;2011
2004;2012
2005;2004
2006;2018
2007;2015
2008;2018
2009;2015
2010;2011
2011;2012
2012;2020
2013;N.V.
2014;2014
2015;2020
2016;2011
2017;2019
2018;2016
2019;2011
2020;2016
2021;2018
2022;2017
2023;2011
2024;2016
2025;2005
2026;2015
2027;2017
2028;2011
2029;2012
2030;2004
2031;2018
2032;2015
2033;2018
2034;2015
2035;2011
2036;2012
2037;2020
2038;N.V.
2039;2014
2040;2020
2041;2011
2042;2019
2043;2016
2044;2011
2045;2016
2046;2018
2047;2017
2048;2011
2049;2016
2050;2005
2051;2015
2052;2017
2053;2011
2054;2012
2055;2004
2056;2018
2057;2015
2058;2018
2059;2015
2060;2011
2061;2012
2062;2020
2063;N.V.
2064;2014
2065;2020
2066;2011
2067;2019
2068;2016
2069;2011
2070;2016
2071;2018
2072;2017
2073;2011
2074;2016
2075;2005
2076;2015
2077;2017
2078;2011
2079;2012
2080;2004
2081;2018
2082;2015
2083;2018
2084;2015
2085;2011
2086;2012
2087;2020
2088;N.V.
2089;2014
2090;2020
2091;2011
2092;2019
2093;2016
2094;2011
2095;2016
2096;2018
2097;2017
2098;2011
2099;2016
2100;2005
2101;2015
2102;2017
2103;2011
2104;2012
2105;2004
2106;2018
2107;2015
2108;2018
2109;2015
2110;2011
2111;2012
2112;2020
2113;N.V.
2114;2014
2115;2020
2116;2011
2117;2019
2118;2016
2119;2011
2120;2016
2121;2018
2122;2017
2123;2011
2124;2016
2125;2005
2126;2015
2127;2017
2128;2011
2129;2012
2130;2004
2131;2018
2132;2015
2133;2018
2134;2015
2135;2011
2136;2012
2137;2020
2138;N.V.
2139;2014
2140;2020
2141;2011
2142;2019
2143;2016
2144;2011
2145;2016
2146;2018
2147;2017
2148;2011
2149;2016
2150;2005
2151;2015
2152;2017
2153;2011
2154;2012
2155;2004
2156;2018
2157;2015
2158;2018
2159;2015
2160;2011
2161;2012
2162;2020
2163;N.V.
2164;2014
2165;2020
2166;2011
2167;2019
2168;2016
2169;2011
2170;2016
2171;2018
2172;2017
2173;2011
2174;2016
2175;2005
2176;2015
2177;2017
2178;2011
2179;2012
2180;2004
2181;2018
2182;2015
2183;2018
2184;2015
2185;2011
2186;2012
2187;2020
2188;N.V.
2189;2014
2190;2020
2191;2011
2192;2019
2193;2016
2194;2011
2195;2016
2196;2018
2197;2017
2198;2011
2199;2016
2200;2005
2201;2015
2202;2017
2203;2011
2204;2012
2205;2004
2206;2018
2207;2015
2208;2018
2209;2015
2210;2011
2211;2012
2212;2020
2213;N.V.
2214;2014
2215;2020
2216;2011
2217;2019
2218;2016
2219;2011
2220;2016
2221;2018
2222;2017
2223;2011
2224;2016
2225;2005
2226;2015
2227;2017
2228;2011
2229;2012
2230;2004
2231;2018
2232;2015
2233;2018
2234;2015
2235;2011
2236;2012
2237;2020
2238;N.V.
2239;2014
2240;2020
2241;2011
2242;2019
2243;2016
2244;2011
2245;2016
2246;2018
2247;2017
2248;2011
2249;2016
2250;2005
2251;2015
2252;2017
2253;2011
2254;2012
2255;2004
2256;2018
2257;2015
2258;2018
2259;2015
2260;2011
2261;2012
2262;2020
2263;N.V.
2264;2014
2265;2020
2266;2011
2267;2019
2268;2016
2269;2011
2270;2016
2271;2018
2272;2017
2273;2011
2274;2016
2275;2005
2276;2015
2277;2017
2278;2011
2279;2012
2280;2004
2281;2018
2282;2015
2283;2018
2284;2015
2285;2011
2286;2012
2287;2020
2288;N.V.
2289;2014
2290;2020
2291;2011
2292;2019
2293;2016
2294;2011
2295;2016
2296;2018
2297;2017
2298;2011
2299;2016
2300;2005
2301;2015
2302;2017
2303;2011
2304;2012
2305;2004
2306;2018
2307;2015
2308;2018
2309;2015
2310;2011
2311;2012
2312;2020
2313;N.V.
2314;2014
2315;2020
2316;2011
2317;2019
2318;2016
2319;2011
2320;2016
2321;2018
2322;2017
2323;2011
2324;2016
2325;2005
2326;2015
2327;2017
2328;2011
2329;2012
2330;2004
2331;2018
2332;2015
2333;2018
2334;2015
2335;2011
2336;2012
2337;2020
2338;N.V.
2339;2014
2340;2020
2341;2011
2342;2019
2343;2016
2344;2011
2345;2016
2346;2018
2347;2017
2348;2011
2349;2016
2350;2005
2351;2015
2352;2017
2353;2011
2354;2012
2355;2004
2356;2018
2357;2015
2358;2018
2359;2015
2360;2011
2361;2012
2362;2020
2363;N.V.
2364;2014
2365;2020
2366;2011
2367;2019
2368;2016
2369;2011
2370;2016
2371;2018
2372;2017
2373;2011
2374;2016
2375;2005
2376;2015
2377;2017
2378;2011
2379;2012
2380;2004
2381;2018
2382;2015
2383;2018
2384;2015
2385;2011
2386;2012
2387;2020
2388;N.V.
2389;2014
2390;2020
2391;2011
2392;2019
2393;2016
2394;2011
2395;2016
2396;2018
2397;2017
2398;2011
2399;2016
2400;2005
2401;2015
2402;2017
2403;2011
2404;2012
2405;2004
2406;2018
2407;2015
2408;2018
2409;2015
2410;2011
2411;2012
2412;2020
2413;N.V.
2414;2014
2415;2020
2416;2011
2417;2019
2418;2016
2419;2011
2420;2016
2421;2018
2422;2017
2423;2011
2424;2016
2425;2005
2426;2015
2427;2017
2428;2011
2429;2012
2430;2004
2431;2018
2432;2015
2433;2018
2434;2015
2435;2011
2436;2012
2437;2020
2438;N.V.
2439;2014
2440;2020
2441;2011
2442;2019
2443;2016
2444;2011
2445;2016
2446;2018
2447;2017
2448;2011
2449;2016
2450;2005
2451;2015
2452;2017
2453;2011
2454;2012
2455;2004
2456;2018
2457;2015
2458;2018
2459;2015
2460;2011
2461;2012
2462;2020
2463;N.V.
2464;2014
2465;2020
2466;2011
2467;2019
2468;2016
2469;2011
2470;2016
2471;2018
2472;2017
2473;2011
2474;2016
2475;2005
2476;2015
2477;2017
2478;2011
2479;2012
2480;2004
2481;2018
2482;2015
2483;2018
2484;2015
2485;2011
2486;2012
2487;2020
2488;N.V.
2489;2014
2490;2020
2491;2011
2492;2019
2493;2016
2494;2011
2495;2016
2496;2018
2497;2017
2498;2011
2499;2016
2500;2005
2501;2015
2502;2017
2503;2011
2504;2012
2505;2004
2506;2018
2507;2015
2508;2018
2509;2015
2510;2011
2511;2012
2512;2020
2513;N.V.
2514;2014
2515;2020
2516;2011
2517;2019
2518;2016
2519;2011
2520;2016
2521;2018
2522;2017
2523;2011
2524;2016
2525;2005
2526;2015
2527;2017
2528;2011
2529;2012
2530;2004
2531;2018
2532;2015
2533;2018
2534;2015
2535;2011
2536;2012
2537;2020
2538;N.V.
2539;2014
2540;2020
2541;2011
2542;2019
2543;2016
2544;2011
2545;2016
2546;2018
2547;2017
2548;2011
2549;2016
2550;2005
2551;2015
2552;2017
2553;2011
2554;2012
2555;2004
2556;2018
2557;2015
2558;2018
2559;2015
2560;2011
2561;2012
2562;2020
2563;N.V.
2564;2014
2565;2020
2566;2011
2567;2019
2568;2016
2569;2011
2570;2016
2571;2018
2572;2017
2573;2011
2574;2016
2575;2005
2576;2015
2577;2017
2578;2011
2579;2012
2580;2004
2581;2018
2582;2015
2583;2018
2584;2015
2585;2011
2586;2012
2587;2020
2588;N.V.
2589;2014
2590;2020
2591;2011
2592;2019
2593;2016
2594;2011
2595;2016
2596;2018
2597;2017
2598;2011
2599;2016
2600;2005
2601;2015
2602;2017
2603;2011
2604;2012
2605;2004
2606;2018
2607;2015
2608;2018
2609;2015
2610;2011
2611;2012
2612;2020
2613;N.V.
2614;2014
2615;2020
2616;2011
2617;2019
2618;2016
2619;2011
2620;2016
2621;2018
2622;2017
2623;2011
2624;2016
2625;2005
2626;2015
2627;2017
2628;2011
2629;2012
2630;2004
2631;2018
2632;2015
2633;2018
2634;2015
2635;2011
2636;2012
2637;2020
2638;N.V.
2639;2014
2640;2020
2641;2011
2642;2019
2643;2016
2644;2011
2645;2016
2646;2018
2647;2017
2648;2011
2649;2016
2650;2005
2651;2015
2652;2017
2653;2011
2654;2012
2655;2004
2656;2018
2657;2015
2658;2018
2659;2015
2660;2011
2661;2012
2662;2020
2663;N.V.
2664;2014
2665;2020
2666;2011
2667;2019
2668;2016
2669;2011
2670;2016
2671;2018
2672;2017
2673;2011
2674;2016
2675;2005
2676;2015
2677;2017
2678;2011
2679;2012
2680;2004
2681;2018
2682;2015
2683;2018
2684;2015
2685;2011
2686;2012
2687;2020
2688;N.V.
2689;2014
2690;2020
2691;2011
2692;2019
2693;2016
2694;2011
2695;2016
2696;2018
2697;2017
2698;2011
2699;2016
2700;2005
2701;2015
2702;2017
2703;2011
2704;2012
2705;2004
2706;2018
2707;2015
2708;2018
2709;2015
2710;2011
2711;2012
2712;2020
2713;N.V.
2714;2014
2715;2020
2716;2011
2717;2019
2718;2016
2719;2011
2720;2016
2721;2018
2722;2017
2723;2011
2724;2016
2725;2005
2726;2015
2727;2017
2728;2011
2729;2012
2730;2004
2731;2018
2732;2015
2733;2018
2734;2015
2735;2011
2736;2012
2737;2020
2738;N.V.
2739;2014
2740;2020
2741;2011
2742;2019
2743;2016
2744;2011
2745;2016
2746;2018
2747;2017
2748;2011
2749;2016
2750;2005
2751;2015
2752;2017
2753;2011
2754;2012
2755;2004
2756;2018
2757;2015
2758;2018
2759;2015
2760;2011
2761;2012
2762;2020
2763;N.V.
2764;2014
2765;2020
2766;2011
2767;2019
2768;2016
2769;2011
2770;2016
2771;2018
2772;2017
2773;2011
2774;2016
2775;2005
2776;2015
2777;2017
2778;2011
2779;2012
2780;2004
2781;2018
2782;2015
2783;2018
2784;2015
2785;2011
2786;2012
2787;2020
2788;N.V.
2789;2014
2790;2020
2791;2011
2792;2019
2793;2016
2794;2011
2795;2016
2796;2018
2797;2017
2798;2011
2799;2016
2800;2005
2801;2015
2802;2017
2803;2011
2804;2012
2805;2004
2806;2018
2807;2015
2808;2018
2809;2015
2810;2011
2811;2012
2812;2020
2813;N.V.
2814;2014
2815;2020
2816;2011
2817;2019
2818;2016
2819;2011
2820;2016
2821;2018
2822;2017
2823;2011
2824;2016
2825;2005
2826;2015
2827;2017
2828;2011
2829;2012
2830;2004
2831;2018
2832;2015
2833;2018
2834;2015
2835;2011
2836;2012
2837;2020
2838;N.V.
2839;2014
2840;2020
2841;2011
2842;2019
2843;2016
2844;2011
2845;2016
2846;2018
2847;2017
2848;2011
2849;2016
2850;2005
2851;2015
2852;2017
2853;2011
2854;2012
2855;2004
2856;2018
2857;2015
2858;2018
2859;2015
2860;2011
2861;2012
2862;2020
2863;N.V.
2864;2014
2865;2020
2866;2011
2867;2019
2868;2016
2869;2011
2870;2016
2871;2018
2872;2017
2873;2011
2874;2016
2875;2005
2876;2015
2877;2017
2878;2011
2879;2012
2880;2004
2881;2018
2882;2015
2883;2018
2884;2015
2885;2011
2886;2012
2887;2020
2888;N.V.
2889;2014
2890;2020
2891;2011
2892;2019
2893;2016
2894;2011
2895;2016
2896;2018
2897;2017
2898;2011
2899;2016
2900;2005
2901;2015
2902;2017
2903;2011
2904;2012
2905;2004
2906;2018
2907;2015
2908;2018
2909;2015
2910;2011
2911;2012
2912;2020
2913;N.V.
2914;2014
2915;2020
2916;2011
2917;2019
2918;2016
2919;2011
2920;2016
2921;2018
2922;2017
2923;2011
2924;2016
2925;2005
2926;2015
2927;2017
2928;2011
2929;2012
2930;2004
2931;2018
2932;2015
2933;2018
2934;2015
2935;2011
2936;2012
2937;2020
2938;N.V.
2939;2014
2940;2020
2941;2011
2942;2019
2943;2016
2944;2011
2945;2016
2946;2018
2947;2017
2948;2011
2949;2016
2950;2005
2951;2015
2952;2017
2953;2011
2954;2012
2955;2004
2956;2018
2957;2015
2958;2018
2959;2015
2960;2011
2961;2012
2962;2020
2963;N.V.
2964;2014
2965;2020
2966;2011
2967;2019
2968;2016
2969;2011
2970;2016
2971;2018
2972;2017
2973;2011
2974;2016
2975;2005
2976;2015
2977;2017
2978;2011
2979;2012
2980;2004
2981;2018
2982;2015
2983;2018
2984;2015
2985;2011
2986;2012
2987;2020
2988;N.V.
2989;2014
2990;2020
2991;2011
2992;2019
2993;2016
2994;2011
2995;2016
2996;2018
2997;2017
2998;2011
2999;2016
3000;2005
3001;2015
3002;2017
3003;2011
3004;2012
3005;2004
3006;2018
3007;2015
3008;2018
3009;2015
3010;2011
3011;2012
3012;2020
3013;N.V.
3014;2014
3015;2020
3016;2011
3017;2019
3018;2016
3019;2011
3020;2016
3021;2018
3022;2017
3023;2011
3024;2016
3025;2005
3026;2015
3027;2017
3028;2011
3029;2012
3030;2004
3031;2018
3032;2015
3033;2018
3034;2015
3035;2011
3036;2012
3037;2020
3038;N.V.
3039;2014
3040;2020
3041;2011
3042;2019
3043;2016
3044;2011
3045;2016
3046;2018
3047;2017
3048;2011
3049;2016
3050;2005
3051;2015
3052;2017
3053;2011
3054;2012
3055;2004
3056;2018
3057;2015
3058;2018
3059;2015
3060;2011
3061;2012
3062;2020
3063;N.V.
3064;2014
3065;2020
3066;2011
3067;2019
3068;2016
3069;2011
3070;2016
3071;2018
3072;2017
3073;2011
3074;2016
3075;2005
3076;2015
3077;2017
3078;2011
3079;2012
3080;2004
3081;2018
3082;2015
3083;2018
3084;2015
3085;2011
3086;2012
3087;2020
3088;N.V.
3089;2014
3090;2020
3091;2011
3092;2019
3093;2016
3094;2011
3095;2016
3096;2018
3097;2017
3098;2011
3099;2016
3100;2005
3101;2015
3102;2017
3103;2011
3104;2012
3105;2004
3106;2018
3107;2015
3108;2018
3109;2015
3110;2011
3111;2012
3112;2020
3113;N.V.
3114;2014
3115;2020
3116;2011
3117;2019
3118;2016
3119;2011
3120;2016
3121;2018
3122;2017
3123;2011
3124;2016
3125;2005
3126;2015
3127;2017
3128;2011
3129;2012
3130;2004
3131;2018
3132;2015
3133;2018
3134;2015
3135;2011
3136;2012
3137;2020
3138;N.V.
3139;2014
3140;2020
3141;2011
3142;2019
3143;2016
3144;2011
3145;2016
3146;2018
3147;2017
3148;2011
3149;2016
3150;2005
3151;2015
3152;2017
3153;2011
3154;2012
3155;2004
3156;2018
3157;2015
3158;2018
3159;2015
3160;2011
3161;2012
3162;2020
3163;N.V.
3164;2014
3165;2020
3166;2011
3167;2019
3168;2016
3169;2011
3170;2016
3171;2018
3172;2017
3173;2011
3174;2016
3175;2005
3176;2015
3177;2017
3178;2011
3179;2012
3180;2004
3181;2018
3182;2015
3183;2018
3184;2015
3185;2011
3186;2012
3187;2020
3188;N.V.
3189;2014
3190;2020
3191;2011
3192;2019
3193;2016
3194;2011
3195;2016
3196;2018
3197;2017
3198;2011
3199;2016
3200;2005
3201;2015
3202;2017
3203;2011
3204;2012
3205;2004
3206;2018
3207;2015
3208;2018
3209;2015
3210;2011
3211;2012
3212;2020
3213;N.V.
3214;2014
3215;2020
3216;2011
3217;2019
3218;2016
3219;2011
3220;2016
3221;2018
3222;2017
3223;2011
3224;2016
3225;2005
3226;2015
3227;2017
3228;2011
3229;2012
3230;2004
3231;2018
3232;2015
3233;2018
3234;2015
3235;2011
3236;2012
3237;2020
3238;N.V.
3239;2014
3240;2020
3241;2011
3242;2019
3243;2016
3244;2011
3245;2016
3246;2018
3247;2017
3248;2011
3249;2016
3250;2005
3251;2015
3252;2017
3253;2011
3254;2012
3255;2004
3256;2018
3257;2015
3258;2018
3259;2015
3260;2011
3261;2012
3262;2020
3263;N.V.
3264;2014
3265;2020
3266;2011
3267;2019
3268;2016
3269;2011
3270;2016
3271;2018
3272;2017
3273;2011
3274;2016
3275;2005
3276;2015
3277;2017
3278;2011
3279;2012
3280;2004
3281;2018
3282;2015
3283;2018
3284;2015
3285;2011
3286;2012
3287;2020
3288;N.V.
3289;2014
3290;2020
3291;2011
3292;2019
3293;2016
3294;2011
3295;2016
3296;2018
3297;2017
3298;2011
3299;2016
3300;2005
3301;2015
3302;2017
3303;2011
3304;2012
3305;2004
3306;2018
3307;2015
3308;2018
3309;2015
3310;2011
3311;2012
3312;2020
3313;N.V.
3314;2014
3315;2020
3316;2011
3317;2019
3318;2016
3319;2011
3320;2016
3321;2018
3322;2017
3323;2011
3324;2016
3325;2005
3326;2015
3327;2017
3328;2011
3329;2012
3330;2004
3331;2018
3332;2015
3333;2018
3334;2015
3335;2011
3336;2012
3337;2020
3338;N.V.
3339;2014
3340;2020
3341;2011
3342;2019
3343;2016
3344;2011
3345;2016
3346;2018
3347;2017
3348;2011
3349;2016
3350;2005
3351;2015
3352;2017
3353;2011
3354;2012
3355;2004
3356;2018
3357;2015
3358;2018
3359;2015
3360;2011
3361;2012
3362;2020
3363;N.V.
3364;2014
3365;2020
3366;2011
3367;2019
3368;2016
3369;2011
3370;2016
3371;2018
3372;2017
3373;2011
3374;2016
3375;2005
3376;2015
3377;2017
3378;2011
3379;2012
3380;2004
3381;2018
3382;2015
3383;2018
3384;2015
3385;2011
3386;2012
3387;2020
3388;N.V.
3389;2014
3390;2020
3391;2011
3392;2019
3393;2016
3394;2011
3395;2016
3396;2018
3397;2017
3398;2011
3399;2016
3400;2005
3401;2015
3402;2017
3403;2011
3404;2012
3405;2004
3406;2018
3407;2015
3408;2018
3409;2015
3410;2011
3411;2012
3412;2020
3413;N.V.
3414;2014
3415;2020
3416;2011
3417;2019
3418;2016
3419;2011
3420;2016
3421;2018
3422;2017
3423;2011
3424;2016
3425;2005
3426;2015
3427;2017
3428;2011
3429;2012
3430;2004
3431;2018
3432;2015
3433;2018
3434;2015
3435;2011
3436;2012
3437;2020
3438;N.V.
3439;2014
3440;2020
3441;2011
3442;2019
3443;2016
3444;2011
3445;2016
3446;2018
3447;2017
3448;2011
3449;2016
3450;2005
3451;2015
3452;2017
3453;2011
3454;2012
3455;2004
3456;2018
3457;2015
3458;2018
3459;2015
3460;2011
3461;2012
3462;2020
3463;N.V.
3464;2014
3465;2020
3466;2011
3467;2019
3468;2016
3469;2011
3470;2016
3471;2018
3472;2017
3473;2011
3474;2016
3475;2005
3476;2015
3477;2017
3478;2011
3479;2012
3480;2004
3481;2018
3482;2015
3483;2018
3484;2015
3485;2011
3486;2012
3487;2020
3488;N.V.
3489;2014
3490;2020
3491;2011
3492;2019
3493;2016
3494;2011
3495;2016
3496;2018
3497;2017
3498;2011
3499;2016
3500;2005
3501;2015
3502;2017
3503;2011
3504;2012
3505;2004
3506;2018
3507;2015
3508;2018
3509;2015
3510;2011
3511;2012
3512;2020
3513;N.V.
3514;2014
3515;2020
3516;2011
3517;2019
3518;2016
3519;2011
3520;2016
3521;2018
3522;2017
3523;2011
3524;2016
3525;2005
3526;2015
3527;2017
3528;2011
3529;2012
3530;2004
3531;2018
3532;2015
3533;2018
3534;2015
3535;2011
3536;2012
3537;2020
3538;N.V.
3539;2014
3540;2020
3541;2011
3542;2019
3543;2016
3544;2011
3545;2016
3546;2018
3547;2017
3548;2011
3549;2016
3550;2005
3551;2015
3552;2017
3553;2011
3554;2012
3555;2004
3556;2018
3557;2015
3558;2018
3559;2015
3560;2011
3561;2012
3562;2020
3563;N.V.
3564;2014
3565;2020
3566;2011
3567;2019
3568;2016
3569;2011
3570;2016
3571;2018
3572;2017
3573;2011
3574;2016
3575;2005
3576;2015
3577;2017
3578;2011
3579;2012
3580;2004
3581;2018
3582;2015
3583;2018
3584;2015
3585;2011
3586;2012
3587;2020
3588;N.V.
3589;2014
3590;2020
3591;2011
3592;2019
3593;2016
3594;2011
3595;2016
3596;2018
3597;2017
3598;2011
3599;2016
3600;2005
3601;2015
3602;2017
3603;2011
3604;2012
3605;2004
3606;2018
3607;2015
3608;2018
3609;2015
3610;2011
3611;2012
3612;2020
3613;N.V.
3614;2014
3615;2020
3616;2011
3617;2019
3618;2016
3619;2011
3620;2016
3621;2018
3622;2017
3623;2011
3624;2016
3625;2005
3626;2015
3627;2017
3628;2011
3629;2012
3630;2004
3631;2018
3632;2015
3633;2018
3634;2015
3635;2011
3636;2012
3637;2020
3638;N.V.
3639;2014
3640;2020
3641;2011
3642;2019
3643;2016
3644;2011
3645;2016
3646;2018
3647;2017
3648;2011
3649;2016
3650;2005
3651;2015
3652;2017
3653;2011
3654;2012
3655;2004
3656;2018
3657;2015
3658;2018
3659;2015
3660;2011
3661;2012
3662;2020
3663;N.V.
3664;2014
3665;2020
3666;2011
3667;2019
3668;2016
3669;2011
3670;2016
3671;2018
3672;2017
3673;2011
3674;2016
3675;2005
3676;2015
3677;2017
3678;2011
3679;2012
3680;2004
3681;2018
3682;2015
3683;2018
3684;2015
3685;2011
3686;2012
3687;2020
3688;N.V.
3689;2014
3690;2020
3691;2011
3692;2019
3693;2016
3694;2011
3695;2016
3696;2018
3697;2017
3698;2011
3699;2016
3700;2005
3701;2015
3702;2017
3703;2011
3704;2012
3705;2004
3706;2018
3707;2015
3708;2018
3709;2015
3710;2011
3711;2012
3712;2020
3713;N.V.
3714;2014
3715;2020
3716;2011
3717;2019
3718;2016
3719;2011
3720;2016
3721;2018
3722;2017
3723;2011
3724;2016
3725;2005
3726;2015
3727;2017
3728;2011
3729;2012
3730;2004
3731;2018
3732;2015
3733;2018
3734;2015
3735;2011
3736;2012
3737;2020
3738;N.V.
3739;2014
3740;2020
3741;2011
3742;2019
3743;2016
3744;2011
3745;2016
3746;2018
3747;2017
3748;2011
3749;2016
3750;2005
3751;2015
3752;2017
3753;2011
3754;2012
3755;2004
3756;2018
3757;2015
3758;2018
3759;2015
3760;2011
3761;2012
3762;2020
3763;N.V.
3764;2014
3765;2020
3766;2011
3767;2019
3768;2016
3769;2011
3770;2016
3771;2018
3772;2017
3773;2011
3774;2016
3775;2005
3776;2015
3777;2017
3778;2011
3779;2012
3780;2004
3781;2018
3782;2015
3783;2018
3784;2015
3785;2011
3786;2012
3787;2020
3788;N.V.
3789;2014
3790;2020
3791;2011
3792;2019
3793;2016
3794;2011
3795;2016
3796;2018
3797;2017
3798;2011
3799;2016
3800;2005
3801;2015
3802;2017
3803;2011
3804;2012
3805;2004
3806;2018
3807;2015
3808;2018
3809;2015
3810;2011
3811;2012
3812;2020
3813;N.V.
3814;2014
3815;2020
3816;2011
3817;2019
3818;2016
3819;2011
3820;2016
3821;2018
3822;2017
3823;2011
3824;2016
3825;2005
3826;2015
3827;2017
3828;2011
3829;2012
3830;2004
3831;2018
3832;2015
3833;2018
3834;2015
3835;2011
3836;2012
3837;2020
3838;N.V.
3839;2014
3840;2020
3841;2011
3842;2019
3843;2016
3844;2011
3845;2016
3846;2018
3847;2017
3848;2011
3849;2016
3850;2005
3851;2015
3852;2017
3853;2011
3854;2012
3855;2004
3856;2018
3857;2015
3858;2018
3859;2015
3860;2011
3861;2012
3862;2020
3863;N.V.
3864;2014
3865;2020
3866;2011
3867;2019
3868;2016
3869;2011
3870;2016
3871;2018
3872;2017
3873;2011
3874;2016
3875;2005
3876;2015
3877;2017
3878;2011
3879;2012
3880;2004
3881;2018
3882;2015
3883;2018
3884;2015
3885;2011
3886;2012
3887;2020
3888;N.V.
3889;2014
3890;2020
3891;2011
3892;2019
3893;2016
3894;2011
3895;2016
3896;2018
3897;2017
3898;2011
3899;2016
3900;2005
3901;2015
3902;2017
3903;2011
3904;2012
3905;2004
3906;2018
3907;2015
3908;2018
3909;2015
3910;2011
3911;2012
3912;2020
3913;N.V.
3914;2014
3915;2020
3916;2011
3917;2019
3918;2016
3919;2011
3920;2016
3921;2018
3922;2017
3923;2011
3924;2016
3925;2005
3926;2015
3927;2017
3928;2011
3929;2012
3930;2004
3931;2018
3932;2015
3933;2018
3934;2015
3935;2011
3936;2012
3937;2020
3938;N.V.
3939;2014
3940;2020
3941;2011
3942;2019
3943;2016
3944;2011
3945;2016
3946;2018
3947;2017
3948;2011
3949;2016
3950;2005
3951;2015
3952;2017
3953;2011
3954;2012
3955;2004
3956;2018
3957;2015
3958;2018
3959;2015
3960;2011
3961;2012
3962;2020
3963;N.V.
3964;2014
3965;2020
3966;2011
3967;2019
3968;2016
3969;2011
3970;2016
3971;2018
3972;2017
3973;2011
3974;2016
3975;2005
3976;2015
3977;2017
3978;2011
3979;2012
3980;2004
3981;2018
3982;2015
3983;2018
3984;2015
3985;2011
3986;2012
3987;2020
3988;N.V.
3989;2014
3990;2020
3991;2011
3992;2019
3993;2016
3994;2011
3995;2016
3996;2018
3997;2017
3998;2011
3999;2016
4000;2005
4001;2015
4002;2017
4003;2011
4004;2012
4005;2004
4006;2018
4007;2015
4008;2018
4009;2015
4010;2011
4011;2012
4012;2020
4013;N.V.
4014;2014
4015;2020
4016;2011
4017;2019
4018;2016
4019;2011
4020;2016
4021;2018
4022;2017
4023;2011
4024;2016
4025;2005
4026;2015
4027;2017
4028;2011
4029;2012
4030;2004
4031;2018
4032;2015
4033;2018
4034;2015
4035;2011
4036;2012
4037;2020
4038;N.V.
4039;2014
4040;2020
4041;2011
4042;2019
4043;2016
4044;2011
4045;2016
4046;2018
4047;2017
4048;2011
4049;2016
4050;2005
4051;2015
4052;2017
4053;2011
4054;2012
4055;2004
4056;2018
4057;2015
4058;2018
4059;2015
4060;2011
4061;2012
4062;2020
4063;N.V.
4064;2014
4065;2020
4066;2011
4067;2019
4068;2016
4069;2011
4070;2016
4071;2018
4072;2017
4073;2011
4074;2016
4075;2005
4076;2015
4077;2017
4078;2011
4079;2012
4080;2004
4081;2018
4082;2015
4083;2018
4084;2015
4085;2011
4086;2012
4087;2020
4088;N.V.
4089;2014
4090;2020
4091;2011
4092;2019
4093;2016
4094;2011
4095;2016
4096;2018
4097;2017
4098;2011
4099;2016
4100;2005
4101;2015
4102;2017
4103;2011
4104;2012
4105;2004
4106;2018
4107;2015
4108;2018
4109;2015
4110;2011
4111;2012
4112;2020
4113;N.V.
4114;2014
4115;2020
4116;2011
4117;2019
4118;2016
4119;2011
4120;2016
4121;2018
4122;2017
4123;2011
4124;2016
4125;2005
4126;2015
4127;2017
4128;2011
4129;2012
4130;2004
4131;2018
4132;2015
4133;2018
4134;2015
4135;2011
4136;2012
4137;2020
4138;N.V.
4139;2014
4140;2020
4141;2011
4142;2019
4143;2016
4144;2011
4145;2016
4146;2018
4147;2017
4148;2011
4149;2016
4150;2005
4151;2015
4152;2017
4153;2011
4154;2012
4155;2004
4156;2018
4157;2015
4158;2018
4159;2015
4160;2011
4161;2012
4162;2020
4163;N.V.
4164;2014
4165;2020
4166;2011
4167;2019
4168;2016
4169;2011
4170;2016
4171;2018
4172;2017
4173;2011
4174;2016
4175;2005
4176;2015
4177;2017
4178;2011
4179;2012
4180;2004
4181;2018
4182;2015
4183;2018
4184;2015
4185;2011
4186;2012
4187;2020
4188;N.V.
4189;2014
4190;2020
4191;2011
4192;2019
4193;2016
4194;2011
4195;2016
4196;2018
4197;2017
4198;2011
4199;2016
4200;2005
4201;2015
4202;2017
4203;2011
4204;2012
4205;2004
4206;2018
4207;2015
4208;2018
4209;2015
4210;2011
4211;2012
4212;2020
4213;N.V.
4214;2014
4215;2020
4216;2011
4217;2019
4218;2016
4219;2011
4220;2016
4221;2018
4222;2017
4223;2011
4224;2016
4225;2005
4226;2015
4227;2017
4228;2011
4229;2012
4230;2004
4231;2018
4232;2015
4233;2018
4234;2015
4235;2011
4236;2012
4237;2020
4238;N.V.
4239;2014
4240;2020
4241;2011
4242;2019
4243;2016
4244;2011
4245;2016
4246;2018
4247;2017
4248;2011
4249;2016
4250;2005
4251;2015
4252;2017
4253;2011
4254;2012
4255;2004
4256;2018
4257;2015
4258;2018
4259;2015
4260;2011
4261;2012
4262;2020
4263;N.V.
4264;2014
4265;2020
4266;2011
4267;2019
4268;2016
4269;2011
4270;2016
4271;2018
4272;2017
4273;2011
4274;2016
4275;2005
4276;2015
4277;2017
4278;2011
4279;2012
4280;2004
4281;2018
4282;2015
4283;2018
4284;2015
4285;2011
4286;2012
4287;2020
4288;N.V.
4289;2014
4290;2020
4291;2011
4292;2019
4293;2016
4294;2011
4295;2016
4296;2018
4297;2017
4298;2011
4299;2016
4300;2005
4301;2015
4302;2017
4303;2011
4304;2012
4305;2004
4306;2018
4307;2015
4308;2018
4309;2015
4310;2011
4311;2012
4312;2020
4313;N.V.
4314;2014
4315;2020
4316;2011
4317;2019
4318;2016
4319;2011
4320;2016
4321;2018
4322;2017
4323;2011
4324;2016
4325;2005
4326;2015
4327;2017
4328;2011
4329;2012
4330;2004
4331;2018
4332;2015
4333;2018
4334;2015
4335;2011
4336;2012
4337;2020
4338;N.V.
4339;2014
4340;2020
4341;2011
4342;2019
4343;2016
4344;2011
4345;2016
4346;2018
4347;2017
4348;2011
4349;2016
4350;2005
4351;2015
4352;2017
4353;2011
4354;2012
4355;2004
4356;2018
4357;2015
4358;2018
4359;2015
4360;2011
4361;2012
4362;2020
4363;N.V.
4364;2014
4365;2020
4366;2011
4367;2019
4368;2016
4369;2011
4370;2016
4371;2018
4372;2017
4373;2011
4374;2016
4375;2005
4376;2015
4377;2017
4378;2011
4379;2012
4380;2004
4381;2018
4382;2015
4383;2018
4384;2015
4385;2011
4386;2012
4387;2020
4388;N.V.
4389;2014
4390;2020
4391;2011
4392;2019
4393;2016
4394;2011
4395;2016
4396;2018
4397;2017
4398;2011
4399;2016
4400;2005
4401;2015
4402;2017
4403;2011
4404;2012
4405;2004
4406;2018
4407;2015
4408;2018
4409;2015
4410;2011
4411;2012
4412;2020
4413;N.V.
4414;2014
4415;2020
4416;2011
4417;2019
4418;2016
4419;2011
4420;2016
4421;2018
4422;2017
4423;2011
4424;2016
4425;2005
4426;2015
4427;2017
4428;2011
4429;2012
4430;2004
4431;2018
4432;2015
4433;2018
4434;2015
4435;2011
4436;2012
4437;2020
4438;N.V.
4439;2014
4440;2020
4441;2011
4442;2019
4443;2016
4444;2011
4445;2016
4446;2018
4447;2017
4448;2011
4449;2016
4450;2005
4451;2015
4452;2017
4453;2011
4454;2012
4455;2004
4456;2018
4457;2015
4458;2018
4459;2015
4460;2011
4461;2012
4462;2020
4463;N.V.
4464;2014
4465;2020
4466;2011
4467;2019
4468;2016
4469;2011
4470;2016
4471;2018
4472;2017
4473;2011
4474;2016
4475;2005
4476;2015
4477;2017
4478;2011
4479;2012
4480;2004
4481;2018
4482;2015
4483;2018
4484;2015
4485;2011
4486;2012
4487;2020
4488;N.V.
4489;2014
4490;2020
4491;2011
4492;2019
4493;2016
4494;2011
4495;2016
4496;2018
4497;2017
4498;2011
4499;2016
4500;2005
4501;2015
4502;2017
4503;2011
4504;2012
4505;2004
4506;2018
4507;2015
4508;2018
4509;2015
4510;2011
4511;2012
4512;2020
4513;N.V.
4514;2014
4515;2020
4516;2011
4517;2019
4518;2016
4519;2011
4520;2016
4521;2018
4522;2017
4523;2011
4524;2016
4525;2005
4526;2015
4527;2017
4528;2011
4529;2012
4530;2004
4531;2018
4532;2015
4533;2018
4534;2015
4535;2011
4536;2012
4537;2020
4538;N.V.
4539;2014
4540;2020
4541;2011
4542;2019
4543;2016
4544;2011
4545;2016
4546;2018
4547;2017
4548;2011
4549;2016
4550;2005
4551;2015
4552;2017
4553;2011
4554;2012
4555;2004
4556;2018
4557;2015
4558;2018
4559;2015
4560;2011
4561;2012
4562;2020
4563;N.V.
4564;2014
4565;2020
4566;2011
4567;2019
4568;2016
4569;2011
4570;2016
4571;2018
4572;2017
4573;2011
4574;2016
4575;2005
4576;2015
4577;2017
4578;2011
4579;2012
4580;2004
4581;2018
4582;2015
4583;2018
4584;2015
4585;2011
4586;2012
4587;2020
4588;N.V.
4589;2014
4590;2020
4591;2011
4592;2019
4593;2016
4594;2011
4595;2016
4596;2018
4597;2017
4598;2011
4599;2016
4600;2005
4601;2015
4602;2017
4603;2011
4604;2012
4605;2004
4606;2018
4607;2015
4608;2018
4609;2015
4610;2011
4611;2012
4612;2020
4613;N.V.
4614;2014
4615;2020
4616;2011
4617;2019
4618;2016
4619;2011
4620;2016
4621;2018
4622;2017
4623;2011
4624;2016
4625;2005
4626;2015
4627;2017
4628;2011
4629;2012
4630;2004
4631;2018
4632;2015
4633;2018
4634;2015
4635;2011
4636;2012
4637;2020
4638;N.V.
4639;2014
4640;2020
4641;2011
4642;2019
4643;2016
4644;2011
4645;2016
4646;2018
4647;2017
4648;2011
4649;2016
4650;2005
4651;2015
4652;2017
4653;2011
4654;2012
4655;2004
4656;2018
4657;2015
4658;2018
4659;2015
4660;2011
4661;2012
4662;2020
4663;N.V.
4664;2014
4665;2020
4666;2011
4667;2019
4668;2016
4669;2011
4670;2016
4671;2018
4672;2017
4673;2011
4674;2016
4675;2005
4676;2015
4677;2017
4678;2011
4679;2012
4680;2004
4681;2018
4682;2015
4683;2018
4684;2015
4685;2011
4686;2012
4687;2020
4688;N.V.
4689;2014
4690;2020
4691;2011
4692;2019
4693;2016
4694;2011
4695;2016
4696;2018
4697;2017
4698;2011
4699;2016
4700;2005
4701;2015
4702;2017
4703;2011
4704;2012
4705;2004
4706;2018
4707;2015
4708;2018
4709;2015
4710;2011
4711;2012
4712;2020
4713;N.V.
4714;2014
4715;2020
4716;2011
4717;2019
4718;2016
4719;2011
4720;2016
4721;2018
4722;2017
4723;2011
4724;2016
4725;2005
4726;2015
4727;2017
4728;2011
4729;2012
4730;2004
4731;2018
4732;2015
4733;2018
4734;2015
4735;2011
4736;2012
4737;2020
4738;N.V.
4739;2014
4740;2020
4741;2011
4742;2019
4743;2016
4744;2011
4745;2016
4746;2018
4747;2017
4748;2011
4749;2016
4750;2005
4751;2015
4752;2017
4753;2011
4754;2012
4755;2004
4756;2018
4757;2015
4758;2018
4759;2015
4760;2011
4761;2012
4762;2020
4763;N.V.
4764;2014
4765;2020
4766;2011
4767;2019
4768;2016
4769;2011
4770;2016
4771;2018
4772;2017
4773;2011
4774;2016
4775;2005
4776;2015
4777;2017
4778;2011
4779;2012
4780;2004
4781;2018
4782;2015
4783;2018
4784;2015
4785;2011
4786;2012
4787;2020
4788;N.V.
4789;2014
4790;2020
4791;2011
4792;2019
4793;2016
4794;2011
4795;2016
4796;2018
4797;2017
4798;2011
4799;2016
4800;2005
4801;2015
4802;2017
4803;2011
4804;2012
4805;2004
4806;2018
4807;2015
4808;2018
4809;2015
4810;2011
4811;2012
4812;2020
4813;N.V.
4814;2014
4815;2020
4816;2011
4817;2019
4818;2016
4819;2011
4820;2016
4821;2018
4822;2017
4823;2011
4824;2016
4825;2005
4826;2015
4827;2017
4828;2011
4829;2012
4830;2004
4831;2018
4832;2015
4833;2018
4834;2015
4835;2011
4836;2012
4837;2020
4838;N.V.
4839;2014
4840;2020
4841;2011
4842;2019
4843;2016
4844;2011
4845;2016
4846;2018
4847;2017
4848;2011
4849;2016
4850;2005
4851;2015
4852;2017
4853;2011
4854;2012
4855;2004
4856;2018
4857;2015
4858;2018
4859;2015
4860;2011
4861;2012
4862;2020
4863;N.V.
4864;2014
4865;2020
4866;2011
4867;2019
4868;2016
4869;2011
4870;2016
4871;2018
4872;2017
4873;2011
4874;2016
4875;2005
4876;2015
4877;2017
4878;2011
4879;2012
4880;2004
4881;2018
4882;2015
4883;2018
4884;2015
4885;2011
4886;2012
4887;2020
4888;N.V.
4889;2014
4890;2020
4891;2011
4892;2019
4893;2016
4894;2011
4895;2016
4896;2018
4897;2017
4898;2011
4899;2016
4900;2005
4901;2015
4902;2017
4903;2011
4904;2012
4905;2004
4906;2018
4907;2015
4908;2018
4909;2015
4910;2011
4911;2012
4912;2020
4913;N.V.
4914;2014
4915;2020
4916;2011
4917;2019
4918;2016
4919;2011
4920;2016
4921;2018
4922;2017
4923;2011
4924;2016
4925;2005
4926;2015
4927;2017
4928;2011
4929;2012
4930;2004
4931;2018
4932;2015
4933;2018
4934;2015
4935;2011
4936;2012
4937;2020
4938;N.V.
4939;2014
4940;2020
4941;2011
4942;2019
4943;2016
4944;2011
4945;2016
4946;2018
4947;2017
4948;2011
4949;2016
4950;2005
4951;2015
4952;2017
4953;2011
4954;2012
4955;2004
4956;2018
4957;2015
4958;2018
4959;2015
4960;2011
4961;2012
4962;2020
4963;N.V.
4964;2014
4965;2020
4966;2011
4967;2019
4968;2016
4969;2011
4970;2016
4971;2018
4972;2017
4973;2011
4974;2016
4975;2005
4976;2015
4977;2017
4978;2011
4979;2012
4980;2004
4981;2018
4982;2015
4983;2018
4984;2015
4985;2011
4986;2012
4987;2020
4988;N.V.
4989;2014
4990;2020
4991;2011
4992;2019
4993;2016
4994;2011
4995;2016
4996;2018
4997;2017
4998;2011
4999;2016
5000;2005
5001;2015
5002;2017
5003;2011
5004;2012
5005;2004
5006;2018
5007;2015
5008;2018
5009;2015
5010;2011
5011;2012
5012;2020
5013;N.V.
5014;2014
5015;2020
5016;2011
5017;2019
5018;2016
5019;2011
5020;2016
5021;2018
5022;2017
5023;2011
5024;2016
5025;2005
5026;2015
5027;2017
5028;2011
5029;2012
5030;2004
5031;2018
5032;2015
5033;2018
5034;2015
5035;2011
5036;2012
5037;2020
5038;N.V.
5039;2014
5040;2020
5041;2011
5042;2019
5043;2016
5044;2011
5045;2016
5046;2018
5047;2017
5048;2011
5049;2016
5050;2005
5051;2015
5052;2017
5053;2011
5054;2012
5055;2004
5056;2018
5057;2015
5058;2018
5059;2015
5060;2011
5061;2012
5062;2020
5063;N.V.
5064;2014
5065;2020
5066;2011
5067;2019
5068;2016
5069;2011
5070;2016
5071;2018
5072;2017
5073;2011
5074;2016
5075;2005
5076;2015
5077;2017
5078;2011
5079;2012
5080;2004
5081;2018
5082;2015
5083;2018
5084;2015
5085;2011
5086;2012
5087;2020
5088;N.V.
5089;2014
5090;2020
5091;2011
5092;2019
5093;2016
5094;2011
5095;2016
5096;2018
5097;2017
5098;2011
5099;2016
5100;2005
5101;2015
5102;2017
5103;2011
5104;2012
5105;2004
5106;2018
5107;2015
5108;2018
5109;2015
5110;2011
5111;2012
5112;2020
5113;N.V.
5114;2014
5115;2020
5116;2011
5117;2019
5118;2016
5119;2011
5120;2016
5121;2018
5122;2017
5123;2011
5124;2016
5125;2005
5126;2015
5127;2017
5128;2011
5129;2012
5130;2004
5131;2018
5132;2015
5133;2018
5134;2015
5135;2011
5136;2012
5137;2020
5138;N.V.
5139;2014
5140;2020
5141;2011
5142;2019
5143;2016
5144;2011
5145;2016
5146;2018
5147;2017
5148;2011
5149;2016
5150;2005
5151;2015
5152;2017
5153;2011
5154;2012
5155;2004
5156;2018
5157;2015
5158;2018
5159;2015
5160;2011
5161;2012
5162;2020
5163;N.V.
5164;2014
5165;2020
5166;2011
5167;2019
5168;2016
5169;2011
5170;2016
5171;2018
5172;2017
5173;2011
5174;2016
5175;2005
5176;2015
5177;2017
5178;2011
5179;2012
5180;2004
5181;2018
5182;2015
5183;2018
5184;2015
5185;2011
5186;2012
5187;2020
5188;N.V.
5189;2014
5190;2020
5191;2011
5192;2019
5193;2016
5194;2011
5195;2016
5196;2018
5197;2017
5198;2011
5199;2016
5200;2005
5201;2015
5202;2017
5203;2011
5204;2012
5205;2004
5206;2018
5207;2015
5208;2018
5209;2015
5210;2011
5211;2012
5212;2020
5213;N.V.
5214;2014
5215;2020
5216;2011
5217;2019
5218;2016
5219;2011
5220;2016
5221;2018
5222;2017
5223;2011
5224;2016
5225;2005
5226;2015
5227;2017
5228;2011
5229;2012
5230;2004
5231;2018
5232;2015
5233;2018
5234;2015
5235;2011
5236;2012
5237;2020
5238;N.V.
5239;2014
5240;2020
5241;2011
5242;2019
5243;2016
5244;2011
5245;2016
5246;2018
5247;2017
5248;2011
5249;2016
5250;2005
5251;2015
5252;2017
5253;2011
5254;2012
5255;2004
5256;2018
5257;2015
5258;2018
5259;2015
5260;2011
5261;2012
5262;2020
5263;N.V.
5264;2014
5265;2020
5266;2011
5267;2019
5268;2016
5269;2011
5270;2016
5271;2018
5272;2017
5273;2011
5274;2016
5275;2005
5276;2015
5277;2017
5278;2011
5279;2012
5280;2004
5281;2018
5282;2015
5283;2018
5284;2015
5285;2011
5286;2012
5287;2020
5288;N.V.
5289;2014
5290;2020
5291;2011
5292;2019
5293;2016
5294;2011
5295;2016
5296;2018
5297;2017
5298;2011
5299;2016
5300;2005
5301;2015
5302;2017
5303;2011
5304;2012
5305;2004
5306;2018
5307;2015
5308;2018
5309;2015
5310;2011
5311;2012
5312;2020
5313;N.V.
5314;2014
5315;2020
5316;2011
5317;2019
5318;2016
5319;2011
5320;2016
5321;2018
5322;2017
5323;2011
5324;2016
5325;2005
5326;2015
5327;2017
5328;2011
5329;2012
5330;2004
5331;2018
5332;2015
5333;2018
5334;2015
5335;2011
5336;2012
5337;2020
5338;N.V.
5339;2014
5340;2020
5341;2011
5342;2019
5343;2016
5344;2011
5345;2016
5346;2018
5347;2017
5348;2011
5349;2016
5350;2005
5351;2015
5352;2017
5353;2011
5354;2012
5355;2004
5356;2018
5357;2015
5358;2018
5359;2015
5360;2011
5361;2012
5362;2020
5363;N.V.
5364;2014
5365;2020
5366;2011
5367;2019
5368;2016
5369;2011
5370;2016
5371;2018
5372;2017
5373;2011
5374;2016
5375;2005
5376;2015
5377;2017
5378;2011
5379;2012
5380;2004
5381;2018
5382;2015
5383;2018
5384;2015
5385;2011
5386;2012
5387;2020
5388;N.V.
5389;2014
5390;2020
5391;2011
5392;2019
5393;2016
5394;2011
5395;2016
5396;2018
5397;2017
5398;2011
5399;2016
5400;2005
5401;2015
5402;2017
5403;2011
5404;2012
5405;2004
5406;2018
5407;2015
5408;2018
5409;2015
5410;2011
5411;2012
5412;2020
5413;N.V.
5414;2014
5415;2020
5416;2011
5417;2019
5418;2016
5419;2011
5420;2016
5421;2018
5422;2017
5423;2011
5424;2016
5425;2005
5426;2015
5427;2017
5428;2011
5429;2012
5430;2004
5431;2018
5432;2015
5433;2018
5434;2015
5435;2011
5436;2012
5437;2020
5438;N.V.
5439;2014
5440;2020
5441;2011
5442;2019
5443;2016
5444;2011
5445;2016
5446;2018
5447;2017
5448;2011
5449;2016
5450;2005
5451;2015
5452;2017
5453;2011
5454;2012
5455;2004
5456;2018
5457;2015
5458;2018
5459;2015
5460;2011
5461;2012
5462;2020
5463;N.V.
5464;2014
5465;2020
5466;2011
5467;2019
5468;2016
5469;2011
5470;2016
5471;2018
5472;2017
5473;2011
5474;2016
5475;2005
5476;2015
5477;2017
5478;2011
5479;2012
5480;2004
5481;2018
5482;2015
5483;2018
5484;2015
5485;2011
5486;2012
5487;2020
5488;N.V.
5489;2014
5490;2020
5491;2011
5492;2019
5493;2016
5494;2011
5495;2016
5496;2018
5497;2017
5498;2011
5499;2016
5500;2005
5501;2015
5502;2017
5503;2011
5504;2012
5505;2004
5506;2018
5507;2015
5508;2018
5509;2015
5510;2011
5511;2012
5512;2020
5513;N.V.
5514;2014
5515;2020
5516;2011
5517;2019
5518;2016
5519;2011
5520;2016
5521;2018
5522;2017
5523;2011
5524;2016
5525;2005
5526;2015
5527;2017
5528;2011
5529;2012
5530;2004
5531;2018
5532;2015
5533;2018
5534;2015
5535;2011
5536;2012
5537;2020
5538;N.V.
5539;2014
5540;2020
5541;2011
5542;2019
5543;2016
5544;2011
5545;2016
5546;2018
5547;2017
5548;2011
5549;2016
5550;2005
5551;2015
5552;2017
5553;2011
5554;2012
5555;2004
5556;2018
5557;2015
5558;2018
5559;2015
5560;2011
5561;2012
5562;2020
5563;N.V.
5564;2014
5565;2020
5566;2011
5567;2019
5568;2016
5569;2011
5570;2016
5571;2018
5572;2017
5573;2011
5574;2016
5575;2005
5576;2015
5577;2017
5578;2011
5579;2012
5580;2004
5581;2018
5582;2015
5583;2018
5584;2015
5585;2011
5586;2012
5587;2020
5588;N.V.
5589;2014
5590;2020
5591;2011
5592;2019
5593;2016
5594;2011
5595;2016
5596;2018
5597;2017
5598;2011
5599;2016
5600;2005
5601;2015
5602;2017
5603;2011
5604;2012
5605;2004
5606;2018
5607;2015
5608;2018
5609;2015
5610;2011
5611;2012
5612;2020
5613;N.V.
5614;2014
5615;2020
5616;2011
5617;2019
5618;2016
5619;2011
5620;2016
5621;2018
5622;2017
5623;2011
5624;2016
5625;2005
5626;2015
5627;2017
5628;2011
5629;2012
5630;2004
5631;2018
5632;2015
5633;2018
5634;2015
5635;2011
5636;2012
5637;2020
5638;N.V.
5639;2014
5640;2020
5641;2011
5642;2019
5643;2016
5644;2011
5645;2016
5646;2018
5647;2017
5648;2011
5649;2016
5650;2005
5651;2015
5652;2017
5653;2011
5654;2012
5655;2004
5656;2018
5657;2015
5658;2018
5659;2015
5660;2011
5661;2012
5662;2020
5663;N.V.
5664;2014
5665;2020
5666;2011
5667;2019
5668;2016
5669;2011
5670;2016
5671;2018
5672;2017
5673;2011
5674;2016
5675;2005
5676;2015
5677;2017
5678;2011
5679;2012
5680;2004
5681;2018
5682;2015
5683;2018
5684;2015
5685;2011
5686;2012
5687;2020
5688;N.V.
5689;2014
5690;2020
5691;2011
5692;2019
5693;2016
5694;2011
5695;2016
5696;2018
5697;2017
5698;2011
5699;2016
5700;2005
5701;2015
5702;2017
5703;2011
5704;2012
5705;2004
5706;2018
5707;2015
5708;2018
5709;2015
5710;2011
5711;2012
5712;2020
5713;N.V.
5714;2014
5715;2020
5716;2011
5717;2019
5718;2016
5719;2011
5720;2016
5721;2018
5722;2017
5723;2011
5724;2016
5725;2005
5726;2015
5727;2017
5728;2011
5729;2012
5730;2004
5731;2018
5732;2015
5733;2018
5734;2015
5735;2011
5736;2012
5737;2020
5738;N.V.
5739;2014
5740;2020
5741;2011
5742;2019
5743;2016
5744;2011
5745;2016
5746;2018
5747;2017
5748;2011
5749;2016
5750;2005
5751;2015
5752;2017
5753;2011
5754;2012
5755;2004
5756;2018
5757;2015
5758;2018
5759;2015
5760;2011
5761;2012
5762;2020
5763;N.V.
5764;2014
5765;2020
5766;2011
5767;2019
5768;2016
5769;2011
5770;2016
5771;2018
5772;2017
5773;2011
5774;2016
5775;2005
5776;2015
5777;2017
5778;2011
5779;2012
5780;2004
5781;2018
5782;2015
5783;2018
5784;2015
5785;2011
5786;2012
5787;2020
5788;N.V.
5789;2014
5790;2020
5791;2011
5792;2019
5793;2016
5794;2011
5795;2016
5796;2018
5797;2017
5798;2011
5799;2016
5800;2005
5801;2015
5802;2017
5803;2011
5804;2012
5805;2004
5806;2018
5807;2015
5808;2018
5809;2015
5810;2011
5811;2012
5812;2020
5813;N.V.
5814;2014
5815;2020
5816;2011
5817;2019
5818;2016
5819;2011
5820;2016
5821;2018
5822;2017
5823;2011
5824;2016
5825;2005
5826;2015
5827;2017
5828;2011
5829;2012
5830;2004
5831;2018
5832;2015
5833;2018
5834;2015
5835;2011
5836;2012
5837;2020
5838;N.V.
5839;2014
5840;2020
5841;2011
5842;2019
5843;2016
5844;2011
5845;2016
5846;2018
5847;2017
5848;2011
5849;2016
5850;2005
5851;2015
5852;2017
5853;2011
5854;2012
5855;2004
5856;2018
5857;2015
5858;2018
5859;2015
5860;2011
5861;2012
5862;2020
5863;N.V.
5864;2014
5865;2020
5866;2011
5867;2019
5868;2016
5869;2011
5870;2016
5871;2018
5872;2017
5873;2011
5874;2016
5875;2005
5876;2015
5877;2017
5878;2011
5879;2012
5880;2004
5881;2018
5882;2015
5883;2018
5884;2015
5885;2011
5886;2012
5887;2020
5888;N.V.
5889;2014
5890;2020
5891;2011
5892;2019
5893;2016
5894;2011
5895;2016
5896;2018
5897;2017
5898;2011
5899;2016
5900;2005
5901;2015
5902;2017
5903;2011
5904;2012
5905;2004
5906;2018
5907;2015
5908;2018
5909;2015
5910;2011
5911;2012
5912;2020
5913;N.V.
5914;2014
5915;2020
5916;2011
5917;2019
5918;2016
5919;2011
5920;2016
5921;2018
5922;2017
5923;2011
5924;2016
5925;2005
5926;2015
5927;2017
5928;2011
5929;2012
5930;2004
5931;2018
5932;2015
5933;2018
5934;2015
5935;2011
5936;2012
5937;2020
5938;N.V.
5939;2014
5940;2020
5941;2011
5942;2019
5943;2016
5944;2011
5945;2016
5946;2018
5947;2017
5948;2011
5949;2016
5950;2005
5951;2015
5952;2017
5953;2011
5954;2012
5955;2004
5956;2018
5957;2015
5958;2018
5959;2015
5960;2011
5961;2012
5962;2020
5963;N.V.
5964;2014
5965;2020
5966;2011
5967;2019
5968;2016
5969;2011
5970;2016
5971;2018
5972;2017
5973;2011
5974;2016
5975;2005
5976;2015
5977;2017
5978;2011
5979;2012
5980;2004
5981;2018
5982;2015
5983;2018
5984;2015
5985;2011
5986;2012
5987;2020
5988;N.V.
5989;2014
5990;2020
5991;2011
5992;2019
5993;2016
5994;2011
5995;2016
5996;2018
5997;2017
5998;2011
5999;2016
6000;2005
6001;2015
6002;2017
6003;2011
6004;2012
6005;2004
6006;2018
6007;2015
6008;2018
6009;2015
6010;2011
6011;2012
6012;2020
6013;N.V.
6014;2014
6015;2020
6016;2011
6017;2019
6018;2016
6019;2011
6020;2016
6021;2018
6022;2017
6023;2011
6024;2016
6025;2005
6026;2015
6027;2017
6028;2011
6029;2012
6030;2004
6031;2018
6032;2015
6033;2018
6034;2015
6035;2011
6036;2012
6037;2020
6038;N.V.
6039;2014
6040;2020
6041;2011
6042;2019
6043;2016
6044;2011
6045;2016
6046;2018
6047;2017
6048;2011
6049;2016
6050;2005
6051;2015
6052;2017
6053;2011
6054;2012
6055;2004
6056;2018
6057;2015
6058;2018
6059;2015
6060;2011
6061;2012
6062;2020
6063;N.V.
6064;2014
6065;2020
6066;2011
6067;2019
6068;2016
6069;2011
6070;2016
6071;2018
6072;2017
6073;2011
6074;2016
6075;2005
6076;2015
6077;2017
6078;2011
6079;2012
6080;2004
6081;2018
6082;2015
6083;2018
6084;2015
6085;2011
6086;2012
6087;2020
6088;N.V.
6089;2014
6090;2020
6091;2011
6092;2019
6093;2016
6094;2011
6095;2016
6096;2018
6097;2017
6098;2011
6099;2016
6100;2005
6101;2017
6102;2015
6103;2017
6104;2011
6105;2012
6106;2004
6107;2018
6108;2015
6109;2018
6110;2015
6111;2011
6112;2012
6113;2020
6114;N.V.
6115;2014
6116;2020
6117;2011
6118;2019
6119;2016
6120;2011
6121;2016
6122;2018
6123;2017
6124;2011
6125;2016
6126;2017
6127;2015
6128;2017
6129;2011
6130;2012
6131;2004
6132;2018
6133;2015
6134;2018
6135;2015
6136;2011
6137;2012
6138;2020
6139;N.V.
6140;2014
6141;2020
6142;2011
6143;2019
6144;2016
6145;2011
6146;2016
6147;2018
6148;2017
6149;2011
6150;2016
6151;2017
6152;2015
6153;2017
6154;2011
6155;2012
6156;2004
6157;2018
6158;2015
6159;2018
6160;2015
6161;2011
6162;2012
6163;2020
6164;N.V.
6165;2014
6166;2020
6167;2011
6168;2019
6169;2016
6170;2011
6171;2016
6172;2018
6173;2017
6174;2011
6175;2016
6176;2017
6177;2015
6178;2017
6179;2011
6180;2012
6181;2004
6182;2018
6183;2015
6184;2018
6185;2015
6186;2011
6187;2012
6188;2020
6189;N.V.
6190;2014
6191;2020
6192;2011
6193;2019
6194;2016
6195;2011
6196;2016
6197;2018
6198;2017
6199;2011
6200;2016
6201;2017
6202;2015
6203;2017
6204;2011
6205;2012
6206;2004
6207;2018
6208;2015
6209;2018
6210;2015
6211;2011
6212;2012
6213;2020
6214;N.V.
6215;2014
6216;2020
6217;2011
6218;2019
6219;2016
6220;2011
6221;2016
6222;2018
6223;2017
6224;2011
6225;2016
6226;2017
6227;2015
6228;2017
6229;2011
6230;2012
6231;2004
6232;2018
6233;2015
6234;2018
6235;2015
6236;2011
6237;2012
6238;2020
6239;N.V.
6240;2014
6241;2020
6242;2011
6243;2019
6244;2016
6245;2011
6246;2016
6247;2018
6248;2017
6249;2011
6250;2016
6251;2017
6252;2015
6253;2017
6254;2011
6255;2012
6256;2004
6257;2018
6258;2015
6259;2018
6260;2015
6261;2011
6262;2012
6263;2020
6264;N.V.
6265;2014
6266;2020
6267;2011
6268;2019
6269;2016
6270;2011
6271;2016
6272;2018
6273;2017
6274;2011
6275;2016
6276;2017
6277;2015
6278;2017
6279;2011
6280;2012
6281;2004
6282;2018
6283;2015
6284;2018
6285;2015
6286;2011
6287;2012
6288;2020
6289;N.V.
6290;2014
6291;2020
6292;2011
6293;2019
6294;2016
6295;2011
6296;2016
6297;2018
6298;2017
6299;2011
6300;2016
6301;2017
6302;2015
6303;2017
6304;2011
6305;2012
6306;2004
6307;2018
6308;2015
6309;2018
6310;2015
6311;2011
6312;2012
6313;2020
6314;N.V.
6315;2014
6316;2020
6317;2011
6318;2019
6319;2016
6320;2011
6321;2016
6322;2018
6323;2017
6324;2011
6325;2016
6326;2017
6327;2015
6328;2017
6329;2011
6330;2012
6331;2004
6332;2018
6333;2015
6334;2018
6335;2015
6336;2011
6337;2012
6338;2020
6339;N.V.
6340;2014
6341;2020
6342;2011
6343;2019
6344;2016
6345;2011
6346;2016
6347;2018
6348;2017
6349;2011
6350;2016
6351;2017
6352;2015
6353;2017
6354;2011
6355;2012
6356;2004
6357;2018
6358;2015
6359;2018
6360;2015
6361;2011
6362;2012
6363;2020
6364;N.V.
6365;2014
6366;2020
6367;2011
6368;2019
6369;2016
6370;2011
6371;2016
6372;2018
6373;2017
6374;2011
6375;2016
6376;2017
6377;2015
6378;2017
6379;2011
6380;2012
6381;2004
6382;2018
6383;2015
6384;2018
6385;2015
6386;2011
6387;2012
6388;2020
6389;N.V.
6390;2014
6391;2020
6392;2011
6393;2019
6394;2016
6395;2011
6396;2016
6397;2018
6398;2017
6399;2011
6400;2016
6401;2017
6402;2015
6403;2017
6404;2011
6405;2012
6406;2004
6407;2018
6408;2015
6409;2018
6410;2015
6411;2011
6412;2012
6413;2020
6414;N.V.
6415;2014
6416;2020
6417;2011
6418;2019
6419;2016
6420;2011
6421;2016
6422;2018
6423;2017
6424;2011
6425;2016
6426;2017
6427;2015
6428;2017
6429;2011
6430;2012
6431;2004
6432;2018
6433;2015
6434;2018
6435;2015
6436;2011
6437;2012
6438;2020
6439;N.V.
6440;2014
6441;2020
6442;2011
6443;2019
6444;2016
6445;2011
6446;2016
6447;2018
6448;2017
6449;2011
6450;2016
6451;2017
6452;2015
6453;2017
6454;2011
6455;2012
6456;2004
6457;2018
6458;2015
6459;2018
6460;2015
6461;2011
6462;2012
6463;2020
6464;N.V.
6465;2014
6466;2020
6467;2011
6468;2019
6469;2016
6470;2011
6471;2016
6472;2018
6473;2017
6474;2011
6475;2016
6476;2017
6477;2015
6478;2017
6479;2011
6480;2012
6481;2004
6482;2018
6483;2015
6484;2018
6485;2015
6486;2011
6487;2012
6488;2020
6489;N.V.
6490;2014
6491;2020
6492;2011
6493;2019
6494;2016
6495;2011
6496;2016
6497;2018
6498;2017
6499;2011
6500;2016
6501;2017
6502;2015
6503;2017
6504;2011
6505;2012
6506;2004
6507;2018
6508;2015
6509;2018
6510;2015
6511;2011
6512;2012
6513;2020
6514;N.V.
6515;2014
6516;2020
6517;2011
6518;2019
6519;2016
6520;2011
6521;2016
6522;2018
6523;2017
6524;2011
6525;2016
6526;2017
6527;2015
6528;2017
6529;2011
6530;2012
6531;2004
6532;2018
6533;2015
6534;2018
6535;2015
6536;2011
6537;2012
6538;2020
6539;N.V.
6540;2014
6541;2020
6542;2011
6543;2019
6544;2016
6545;2011
6546;2016
6547;2018
6548;2017
6549;2011
6550;2016
6551;2017
6552;2015
6553;2017
6554;2011
6555;2012
6556;2004
6557;2018
6558;2015
6559;2018
6560;2015
6561;2011
6562;2012
6563;2020
6564;N.V.
6565;2014
6566;2020
6567;2011
6568;2019
6569;2016
6570;2011
6571;2016
6572;2018
6573;2017
6574;2011
6575;2016
6576;2017
6577;2015
6578;2017
6579;2011
6580;2012
6581;2004
6582;2018
6583;2015
6584;2018
6585;2015
6586;2011
6587;2012
6588;2020
6589;N.V.
6590;2014
6591;2020
6592;2011
6593;2019
6594;2016
6595;2011
6596;2016
6597;2018
6598;2017
6599;2011
6600;2016
6601;2017
6602;2015
6603;2017
6604;2011
6605;2012
6606;2004
6607;2018
6608;2015
6609;2018
6610;2015
6611;2011
6612;2012
6613;2020
6614;N.V.
6615;2014
6616;2020
6617;2011
6618;2019
6619;2016
6620;2011
6621;2016
6622;2018
6623;2017
6624;2011
6625;2016
6626;2017
6627;2015
6628;2017
6629;2011
6630;2012
6631;2004
6632;2018
6633;2015
6634;2018
6635;2015
6636;2011
6637;2012
6638;2020
6639;N.V.
6640;2014
6641;2020
6642;2011
6643;2019
6644;2016
6645;2011
6646;2016
6647;2018
6648;2017
6649;2011
6650;2016
6651;2017
6652;2015
6653;2017
6654;2011
6655;2012
6656;2004
6657;2018
6658;2015
6659;2018
6660;2015
6661;2011
6662;2012
6663;2020
6664;N.V.
6665;2014
6666;2020
6667;2011
6668;2019
6669;2016
6670;2011
6671;2016
6672;2018
6673;2017
6674;2011
6675;2016
6676;2017
6677;2015
6678;2017
6679;2011
6680;2012
6681;2004
6682;2018
6683;2015
6684;2018
6685;2015
6686;2011
6687;2012
6688;2020
6689;N.V.
6690;2014
6691;2020
6692;2011
6693;2019
6694;2016
6695;2011
6696;2016
6697;2018
6698;2017
6699;2011
6700;2016
6701;2017
6702;2015
6703;2017
6704;2011
6705;2012
6706;2004
6707;2018
6708;2015
6709;2018
6710;2015
6711;2011
6712;2012
6713;2020
6714;N.V.
6715;2014
6716;2020
6717;2011
6718;2019
6719;2016
6720;2011
6721;2016
6722;2018
6723;2017
6724;2011
6725;2016
6726;2017
6727;2015
6728;2017
6729;2011
6730;2012
6731;2004
6732;2018
6733;2015
6734;2018
6735;2015
6736;2011
6737;2012
6738;2020
6739;N.V.
6740;2014
6741;2020
6742;2011
6743;2019
6744;2016
6745;2011
6746;2016
6747;2018
6748;2017
6749;2011
6750;2016
6751;2017
6752;2015
6753;2017
6754;2011
6755;2012
6756;2004
6757;2018
6758;2015
6759;2018
6760;2015
6761;2011
6762;2012
6763;2020
6764;N.V.
6765;2014
6766;2020
6767;2011
6768;2019
6769;2016
6770;2011
6771;2016
6772;2018
6773;2017
6774;2011
6775;2016
6776;2017
6777;2015
6778;2017
6779;2011
6780;2012
6781;2004
6782;2018
6783;2015
6784;2018
6785;2015
6786;2011
6787;2012
6788;2020
6789;N.V.
6790;2014
6791;2020
6792;2011
6793;2019
6794;2016
6795;2011
6796;2016
6797;2018
6798;2017
6799;2011
6800;2016
6801;2017
6802;2015
6803;2017
6804;2011
6805;2012
6806;2004
6807;2018
6808;2015
6809;2018
6810;2015
6811;2011
6812;2012
6813;2020
6814;N.V.
6815;2014
6816;2020
6817;2011
6818;2019
6819;2016
6820;2011
6821;2016
6822;2018
6823;2017
6824;2011
6825;2016
6826;2017
6827;2015
6828;2017
6829;2011
6830;2012
6831;2004
6832;2018
6833;2015
6834;2018
6835;2015
6836;2011
6837;2012
6838;2020
6839;N.V.
6840;2014
6841;2020
6842;2011
6843;2019
6844;2016
6845;2011
6846;2016
6847;2018
6848;2017
6849;2011
6850;2016
6851;2017
6852;2015
6853;2017
6854;2011
6855;2012
6856;2004
6857;2018
6858;2015
6859;2018
6860;2015
6861;2011
6862;2012
6863;2020
6864;N.V.
6865;2014
6866;2020
6867;2011
6868;2019
6869;2016
6870;2011
6871;2016
6872;2018
6873;2017
6874;2011
6875;2016
6876;2017
6877;2015
6878;2017
6879;2011
6880;2012
6881;2004
6882;2018
6883;2015
6884;2018
6885;2015
6886;2011
6887;2012
6888;2020
6889;N.V.
6890;2014
6891;2020
6892;2011
6893;2019
6894;2016
6895;2011
6896;2016
6897;2018
6898;2017
6899;2011
6900;2016
6901;2017
6902;2015
6903;2017
6904;2011
6905;2012
6906;2004
6907;2018
6908;2015
6909;2018
6910;2015
6911;2011
6912;2012
6913;2020
6914;N.V.
6915;2014
6916;2020
6917;2011
6918;2019
6919;2016
6920;2011
6921;2016
6922;2018
6923;2017
6924;2011
6925;2016
6926;2017
6927;2015
6928;2017
6929;2011
6930;2012
6931;2004
6932;2018
6933;2015
6934;2018
6935;2015
6936;2011
6937;2012
6938;2020
6939;N.V.
6940;2014
6941;2020
6942;2011
6943;2019
6944;2016
6945;2011
6946;2016
6947;2018
6948;2017
6949;2011
6950;2016
6951;2017
6952;2015
6953;2017
6954;2011
6955;2012
6956;2004
6957;2018
6958;2015
6959;2018
6960;2015
6961;2011
6962;2012
6963;2020
6964;N.V.
6965;2014
6966;2020
6967;2011
6968;2019
6969;2016
6970;2011
6971;2016
6972;2018
6973;2017
6974;2011
6975;2016
6976;2017
6977;2015
6978;2017
6979;2011
6980;2012
6981;2004
6982;2018
6983;2015
6984;2018
6985;2015
6986;2011
6987;2012
6988;2020
6989;N.V.
6990;2014
6991;2020
6992;2011
6993;2019
6994;2016
6995;2011
6996;2016
6997;2018
6998;2017
6999;2011
7000;2016
7001;2017
7002;2015
7003;2017
7004;2011
7005;2012
7006;2004
7007;2018
7008;2015
7009;2018
7010;2015
7011;2011
7012;2012
7013;2020
7014;N.V.
7015;2014
7016;2020
7017;2011
7018;2019
7019;2016
7020;2011
7021;2016
7022;2018
7023;2017
7024;2011
7025;2016
7026;2017
7027;2015
7028;2017
7029;2011
7030;2012
7031;2004
7032;2018
7033;2015
7034;2018
7035;2015
7036;2011
7037;2012
7038;2020
7039;N.V.
7040;2014
7041;2020
7042;2011
7043;2019
7044;2016
7045;2011
7046;2016
7047;2018
7048;2017
7049;2011
7050;2016
7051;2017
7052;2015
7053;2017
7054;2011
7055;2012
7056;2004
7057;2018
7058;2015
7059;2018
7060;2015
7061;2011
7062;2012
7063;2020
7064;N.V.
7065;2014
7066;2020
7067;2011
7068;2019
7069;2016
7070;2011
7071;2016
7072;2018
7073;2017
7074;2011
7075;2016
7076;2017
7077;2015
7078;2017
7079;2011
7080;2012
7081;2004
7082;2018
7083;2015
7084;2018
7085;2015
7086;2011
7087;2012
7088;2020
7089;N.V.
7090;2014
7091;2020
7092;2011
7093;2019
7094;2016
7095;2011
7096;2016
7097;2018
7098;2017
7099;2011
7100;2016
7101;2017
7102;2015
7103;2017
7104;2011
7105;2012
7106;2004
7107;2018
7108;2015
7109;2018
7110;2015
7111;2011
7112;2012
7113;2020
7114;N.V.
7115;2014
7116;2020
7117;2011
7118;2019
7119;2016
7120;2011
7121;2016
7122;2018
7123;2017
7124;2011
7125;2016
7126;2017
7127;2015
7128;2017
7129;2011
7130;2012
7131;2004
7132;2018
7133;2015
7134;2018
7135;2015
7136;2011
7137;2012
7138;2020
7139;N.V.
7140;2014
7141;2020
7142;2011
7143;2019
7144;2016
7145;2011
7146;2016
7147;2018
7148;2017
7149;2011
7150;2016
7151;2017
7152;2015
7153;2017
7154;2011
7155;2012
7156;2004
7157;2018
7158;2015
7159;2018
7160;2015
7161;2011
7162;2012
7163;2020
7164;N.V.
7165;2014
7166;2020
7167;2011
7168;2019
7169;2016
7170;2011
7171;2016
7172;2018
7173;2017
7174;2011
7175;2016
7176;2017
7177;2015
7178;2017
7179;2011
7180;2012
7181;2004
7182;2018
7183;2015
7184;2018
7185;2015
7186;2011
7187;2012
7188;2020
7189;N.V.
7190;2014
7191;2020
7192;2011
7193;2019
7194;2016
7195;2011
7196;2016
7197;2018
7198;2017
7199;2011
7200;2016
7201;2017
7202;2015
7203;2017
7204;2011
7205;2012
7206;2004
7207;2018
7208;2015
7209;2018
7210;2015
7211;2011
7212;2012
7213;2020
7214;N.V.
7215;2014
7216;2020
7217;2011
7218;2019
7219;2016
7220;2011
7221;2016
7222;2018
7223;2017
7224;2011
7225;2016
7226;2017
7227;2015
7228;2017
7229;2011
7230;2012
7231;2004
7232;2018
7233;2015
7234;2018
7235;2015
7236;2011
7237;2012
7238;2020
7239;N.V.
7240;2014
7241;2020
7242;2011
7243;2019
7244;2016
7245;2011
7246;2016
7247;2018
7248;2017
7249;2011
7250;2016
7251;2017
7252;2015
7253;2017
7254;2011
7255;2012
7256;2004
7257;2018
7258;2015
7259;2018
7260;2015
7261;2011
7262;2012
7263;2020
7264;N.V.
7265;2014
7266;2020
7267;2011
7268;2019
7269;2016
7270;2011
7271;2016
7272;2018
7273;2017
7274;2011
7275;2016
7276;2017
7277;2015
7278;2017
7279;2011
7280;2012
7281;2004
7282;2018
7283;2015
7284;2018
7285;2015
7286;2011
7287;2012
7288;2020
7289;N.V.
7290;2014
7291;2020
7292;2011
7293;2019
7294;2016
7295;2011
7296;2016
7297;2018
7298;2017
7299;2011
7300;2016
7301;2017
7302;2015
7303;2017
7304;2011
7305;2012
7306;2004
7307;2018
7308;2015
7309;2018
7310;2015
7311;2011
7312;2012
7313;2020
7314;N.V.
7315;2014
7316;2020
7317;2011
7318;2019
7319;2016
7320;2011
7321;2016
7322;2018
7323;2017
7324;2011
7325;2016
7326;2017
7327;2015
7328;2017
7329;2011
7330;2012
7331;2004
7332;2018
7333;2015
7334;2018
7335;2015
7336;2011
7337;2012
7338;2020
7339;N.V.
7340;2014
7341;2020
7342;2011
7343;2019
7344;2016
7345;2011
7346;2016
7347;2018
7348;2017
7349;2011
7350;2016
7351;2017
7352;2015
7353;2017
7354;2011
7355;2012
7356;2004
7357;2018
7358;2015
7359;2018
7360;2015
7361;2011
7362;2012
7363;2020
7364;N.V.
7365;2014
7366;2020
7367;2011
7368;2019
7369;2016
7370;2011
7371;2016
7372;2018
7373;2017
7374;2011
7375;2016
7376;2017
7377;2015
7378;2017
7379;2011
7380;2012
7381;2004
7382;2018
7383;2015
7384;2018
7385;2015
7386;2011
7387;2012
7388;2020
7389;N.V.
7390;2014
7391;2020
7392;2011
7393;2019
7394;2016
7395;2011
7396;2016
7397;2018
7398;2017
7399;2011
7400;2016
7401;2017
7402;2015
7403;2017
7404;2011
7405;2012
7406;2004
7407;2018
7408;2015
7409;2018
7410;2015
7411;2011
7412;2012
7413;2020
7414;N.V.
7415;2014
7416;2020
7417;2011
7418;2019
7419;2016
7420;2011
7421;2016
7422;2018
7423;2017
7424;2011
7425;2016
7426;2017
7427;2015
7428;2017
7429;2011
7430;2012
7431;2004
7432;2018
7433;2015
7434;2018
7435;2015
7436;2011
7437;2012
7438;2020
7439;N.V.
7440;2014
7441;2020
7442;2011
7443;2019
7444;2016
7445;2011
7446;2016
7447;2018
7448;2017
7449;2011
7450;2016
7451;2017
7452;2015
7453;2017
7454;2011
7455;2012
7456;2004
7457;2018
7458;2015
7459;2018
7460;2015
7461;2011
7462;2012
7463;2020
7464;N.V.
7465;2014
7466;2020
7467;2011
7468;2019
7469;2016
7470;2011
7471;2016
7472;2018
7473;2017
7474;2011
7475;2016
7476;2017
7477;2015
7478;2017
7479;2011
7480;2012
7481;2004
7482;2018
7483;2015
7484;2018
7485;2015
7486;2011
7487;2012
7488;2020
7489;N.V.
7490;2014
7491;2020
7492;2011
7493;2019
7494;2016
7495;2011
7496;2016
7497;2018
7498;2017
7499;2011
7500;2016
7501;
